elapsed_ms,cpu_pct,active_workers,queue_len
10.1,100.0,5,1
20.1,100.0,5,7
30.2,100.0,5,12
40.3,100.0,5,18
50.3,100.0,5,25
60.4,100.0,5,30
70.5,100.0,5,36
80.5,100.0,5,43
90.6,100.0,5,49
100.7,100.0,5,56
110.8,100.0,5,63
120.9,100.0,5,68
130.9,100.0,5,74
141.0,100.0,5,79
151.1,100.0,5,84
161.1,100.0,5,90
171.2,100.0,5,95
181.3,100.0,5,101
191.4,100.0,5,106
201.4,100.0,5,112
211.5,95.0,7,110
222.6,95.0,7,113
232.7,95.0,7,119
242.8,95.0,7,126
252.8,95.0,7,130
262.9,95.0,7,136
273.0,95.0,7,143
284.7,95.0,7,147
295.6,95.0,7,150
305.7,95.0,7,154
315.8,95.0,7,160
327.4,95.0,7,165
337.5,95.0,7,168
347.8,95.0,7,173
357.9,95.0,7,179
368.0,95.0,7,185
378.0,95.0,7,192
388.1,95.0,7,198
398.2,95.0,7,204
408.2,100.0,5,205
418.3,100.0,5,211
428.4,100.0,5,218
438.5,100.0,5,224
448.5,100.0,5,229
458.6,100.0,5,235
468.6,100.0,5,241
478.7,100.0,5,247
488.8,100.0,5,254
498.8,100.0,5,259
508.9,100.0,5,266
519.0,100.0,5,272
529.0,100.0,5,278
539.1,100.0,5,285
549.1,100.0,5,293
559.2,100.0,5,299
569.3,100.0,5,306
579.3,100.0,5,313
589.4,100.0,5,318
599.5,100.0,5,324
609.6,90.0,4,326
619.6,90.0,4,332
629.7,90.0,4,341
639.8,90.0,4,345
649.8,90.0,4,352
659.9,90.0,4,357
670.0,90.0,4,363
680.0,90.0,4,369
690.1,90.0,4,375
700.2,90.0,4,382
710.3,90.0,4,387
720.3,90.0,4,394
730.4,90.0,4,399
740.5,90.0,4,406
750.5,90.0,4,412
760.6,90.0,4,418
770.7,90.0,4,423
780.7,90.0,4,428
790.8,90.0,4,434
800.9,90.0,4,441
810.9,75.0,5,442
821.0,75.0,5,448
831.1,75.0,5,454
841.1,75.0,5,461
851.2,75.0,5,467
861.3,75.0,5,472
871.3,75.0,5,478
881.4,75.0,5,486
891.5,75.0,5,490
901.5,75.0,5,497
911.6,75.0,5,503
921.7,75.0,5,510
931.7,75.0,5,515
941.8,75.0,5,522
951.8,75.0,5,529
962.0,75.0,5,534
972.0,75.0,5,541
982.2,75.0,5,547
992.2,75.0,5,553
1002.3,75.0,5,559
1012.4,90.0,4,559
1022.5,90.0,4,567
1035.3,90.0,4,574
1045.3,90.0,4,581
1055.4,90.0,4,586
1065.5,90.0,4,594
1075.6,90.0,4,601
1085.6,90.0,4,607
1095.7,90.0,4,614
1105.8,90.0,4,619
1115.9,90.0,4,626
1125.9,90.0,4,633
1136.0,90.0,4,639
1146.1,90.0,4,645
1156.2,90.0,4,651
1166.3,90.0,4,657
1176.3,90.0,4,662
1186.4,90.0,4,670
1196.5,90.0,4,675
1206.6,100.0,5,677
1216.7,100.0,5,680
1226.8,100.0,5,687
1236.8,100.0,5,694
1247.3,100.0,5,700
1257.3,100.0,5,707
1267.4,100.0,5,714
1277.5,100.0,5,720
1287.5,100.0,5,726
1297.6,100.0,5,731
1307.7,100.0,5,737
1317.7,100.0,5,742
1327.8,100.0,5,748
1337.9,100.0,5,753
1348.0,100.0,5,759
1358.0,100.0,5,766
1368.1,100.0,5,772
1378.2,100.0,5,777
1388.3,100.0,5,782
1398.4,100.0,5,788
1408.5,85.0,6,788
1418.5,85.0,6,794
1428.6,85.0,6,798
1438.7,85.0,6,805
1448.8,85.0,6,811
1458.9,85.0,6,816
1468.9,85.0,6,822
1479.0,85.0,6,830
1489.1,85.0,6,836
1499.1,85.0,6,843
1509.2,85.0,6,848
1519.3,85.0,6,854
1529.4,85.0,6,860
1539.5,85.0,6,867
1549.6,85.0,6,872
1559.8,85.0,6,879
1569.8,85.0,6,885
1579.9,85.0,6,893
1590.2,85.0,6,900
1600.2,85.0,6,905
1610.4,85.0,6,905
1620.4,85.0,6,911
1630.5,85.0,6,917
1640.6,85.0,6,923
1650.7,85.0,6,929
1660.8,85.0,6,935
1670.8,85.0,6,940
1680.9,85.0,6,946
1691.0,85.0,6,952
1701.1,85.0,6,953
1711.1,85.0,6,953
1721.2,85.0,6,953
1731.3,85.0,6,953
1741.4,85.0,6,953
1751.5,85.0,6,953
1761.6,85.0,6,953
1771.7,85.0,6,953
1781.8,85.0,6,953
1791.9,85.0,6,953
1802.0,85.0,6,953
1812.0,95.0,7,946
1822.1,95.0,7,946
1832.2,95.0,7,946
1842.3,95.0,7,946
1852.4,95.0,7,946
1862.6,95.0,7,946
1872.7,95.0,7,946
1882.8,95.0,7,946
1892.9,95.0,7,946
1903.0,95.0,7,946
1913.1,95.0,7,946
1923.2,95.0,7,946
1933.2,95.0,7,946
1943.4,95.0,7,946
1953.5,95.0,7,946
1963.7,95.0,7,946
1973.8,95.0,7,946
1984.1,95.0,7,946
1994.2,95.0,7,946
2004.3,95.0,7,946
2014.4,95.0,7,939
2024.7,95.0,7,939
2034.7,95.0,7,939
2047.0,95.0,7,939
2057.8,95.0,7,939
2070.5,95.0,7,939
2080.8,95.0,7,939
2090.9,95.0,7,939
2101.0,95.0,7,939
2111.2,95.0,7,939
2121.3,95.0,7,939
2131.4,95.0,7,939
2141.4,95.0,7,939
2151.5,95.0,7,939
2161.6,95.0,7,939
2171.8,95.0,7,939
2183.2,95.0,7,939
2193.3,95.0,7,939
2204.6,95.0,7,939
2214.9,80.0,3,936
2225.1,80.0,3,936
2235.2,80.0,3,936
2245.3,80.0,3,936
2255.4,80.0,3,936
2265.8,80.0,3,936
2275.9,80.0,3,936
2286.0,80.0,3,936
2299.7,80.0,3,936
2309.8,80.0,3,936
2319.9,80.0,3,936
2330.0,80.0,3,936
2345.8,80.0,3,936
2357.8,80.0,3,936
2367.9,80.0,3,936
2378.3,80.0,3,936
2388.8,80.0,3,936
2400.1,80.0,3,936
2410.1,90.0,4,932
2421.9,90.0,4,932
2438.8,90.0,4,932
2449.2,90.0,4,932
2460.3,90.0,4,932
2471.1,90.0,4,932
2481.8,90.0,4,932
2492.8,90.0,4,932
2502.9,90.0,4,932
2513.8,90.0,4,932
2523.9,90.0,4,932
2535.8,90.0,4,932
2545.9,90.0,4,932
2557.6,90.0,4,932
2569.8,90.0,4,932
2579.9,90.0,4,932
2590.0,90.0,4,932
2600.1,90.0,4,932
2610.2,70.0,2,930
2620.3,70.0,2,930
2632.0,70.0,2,930
2642.2,70.0,2,930
2655.4,70.0,2,930
2665.5,70.0,2,930
2675.6,70.0,2,930
2685.6,70.0,2,930
2696.7,70.0,2,930
2706.7,70.0,2,930
2716.8,70.0,2,930
2726.9,70.0,2,930
2737.0,70.0,2,930
2747.0,70.0,2,930
2757.1,70.0,2,930
2767.3,70.0,2,930
2777.6,70.0,2,930
2787.7,70.0,2,930
2798.1,70.0,2,930
2812.8,75.0,5,925
2822.8,75.0,5,925
2832.9,75.0,5,925
2856.8,75.0,5,925
2866.9,75.0,5,925
2876.9,75.0,5,925
2887.0,75.0,5,925
2897.1,75.0,5,925
2907.3,75.0,5,925
2917.3,75.0,5,925
2927.4,75.0,5,925
2937.8,75.0,5,925
2947.9,75.0,5,925
2958.0,75.0,5,925
2968.2,75.0,5,925
2978.3,75.0,5,925
2988.8,75.0,5,925
2998.9,75.0,5,925
3009.0,75.0,5,925
3019.1,70.0,2,923
3029.2,70.0,2,923
3039.3,70.0,2,923
3049.4,70.0,2,923
3059.5,70.0,2,923
3069.7,70.0,2,923
3079.7,70.0,2,923
3089.8,70.0,2,923
3099.9,70.0,2,923
3110.0,70.0,2,923
3120.1,70.0,2,923
3130.1,70.0,2,923
3140.2,70.0,2,923
3150.3,70.0,2,923
3160.4,70.0,2,923
3170.5,70.0,2,923
3180.6,70.0,2,923
3190.7,70.0,2,923
3200.8,70.0,2,923
3211.0,70.0,2,923
3221.1,90.0,4,919
3231.2,90.0,4,919
3241.3,90.0,4,919
3251.4,90.0,4,919
3261.6,90.0,4,919
3271.6,90.0,4,919
3281.7,90.0,4,919
3291.8,90.0,4,919
3301.9,90.0,4,919
3312.0,90.0,4,919
3322.1,90.0,4,919
3332.1,90.0,4,919
3342.3,90.0,4,919
3352.4,90.0,4,919
3362.5,90.0,4,919
3372.6,90.0,4,919
3382.7,90.0,4,919
3392.8,90.0,4,919
3403.0,90.0,4,919
3413.0,90.0,4,919
3423.1,100.0,5,914
3433.2,100.0,5,914
3443.4,100.0,5,914
3453.5,100.0,5,914
3463.6,100.0,5,914
3473.7,100.0,5,914
3484.6,100.0,5,914
3494.7,100.0,5,914
3504.9,100.0,5,914
3515.0,100.0,5,914
3525.1,100.0,5,914
3535.2,100.0,5,914
3545.3,100.0,5,914
3555.4,100.0,5,914
3565.4,100.0,5,914
3575.5,100.0,5,914
3585.6,100.0,5,914
3595.7,100.0,5,914
3605.7,100.0,5,914
3615.9,95.0,7,907
3626.0,95.0,7,907
3636.1,95.0,7,907
3646.2,95.0,7,907
3656.3,95.0,7,907
3666.5,95.0,7,907
3676.6,95.0,7,907
3686.7,95.0,7,907
3696.8,95.0,7,907
3706.9,95.0,7,907
3717.0,95.0,7,907
3727.1,95.0,7,907
3737.1,95.0,7,907
3747.3,95.0,7,907
3757.4,95.0,7,907
3767.5,95.0,7,907
3777.6,95.0,7,907
3787.7,95.0,7,907
3797.8,95.0,7,907
3807.9,95.0,7,907
3818.0,100.0,5,902
3828.1,100.0,5,902
3838.2,100.0,5,902
3848.3,100.0,5,902
3858.4,100.0,5,902
3868.4,100.0,5,902
3878.5,100.0,5,902
3888.6,100.0,5,902
3898.7,100.0,5,902
3908.8,100.0,5,902
3919.0,100.0,5,902
3929.1,100.0,5,902
3939.2,100.0,5,902
3949.4,100.0,5,902
3959.5,100.0,5,902
3969.6,100.0,5,902
3979.7,100.0,5,902
3989.8,100.0,5,902
3999.9,100.0,5,902
4010.0,100.0,5,902
4020.1,90.0,4,898
4030.2,90.0,4,898
4040.2,90.0,4,898
4050.3,90.0,4,898
4060.4,90.0,4,898
4070.5,90.0,4,898
4080.6,90.0,4,898
4090.6,90.0,4,898
4100.7,90.0,4,898
4110.8,90.0,4,898
4120.9,90.0,4,898
4131.0,90.0,4,898
4141.0,90.0,4,898
4151.1,90.0,4,898
4161.2,90.0,4,898
4171.3,90.0,4,898
4181.4,90.0,4,898
4191.5,90.0,4,898
4201.6,90.0,4,898
4211.7,90.0,4,898
4221.8,90.0,4,894
4231.9,90.0,4,894
4242.1,90.0,4,894
4252.2,90.0,4,894
4262.3,90.0,4,894
4272.3,90.0,4,894
4282.4,90.0,4,894
4292.5,90.0,4,894
4302.6,90.0,4,894
4312.7,90.0,4,894
4322.8,90.0,4,894
4332.9,90.0,4,894
4343.0,90.0,4,894
4353.1,90.0,4,894
4363.2,90.0,4,894
4373.3,90.0,4,894
4383.4,90.0,4,894
4393.5,90.0,4,894
4403.7,90.0,4,894
4413.8,90.0,4,894
4423.8,100.0,5,889
4433.9,100.0,5,889
4444.0,100.0,5,889
4454.1,100.0,5,889
4464.3,100.0,5,889
4474.4,100.0,5,889
4484.5,100.0,5,889
4495.6,100.0,5,889
4505.7,100.0,5,889
4516.3,100.0,5,889
4526.4,100.0,5,889
4536.5,100.0,5,889
4546.6,100.0,5,889
4556.6,100.0,5,889
4566.8,100.0,5,889
4576.8,100.0,5,889
4587.6,100.0,5,889
4597.7,100.0,5,889
4609.8,100.0,5,889
4619.8,95.0,7,882
4630.8,95.0,7,882
4640.8,95.0,7,882
4650.9,95.0,7,882
4661.0,95.0,7,882
4671.1,95.0,7,882
4681.2,95.0,7,882
4691.3,95.0,7,882
4701.4,95.0,7,882
4711.4,95.0,7,882
4721.5,95.0,7,882
4731.7,95.0,7,882
4741.8,95.0,7,882
4751.9,95.0,7,882
4762.0,95.0,7,882
4772.1,95.0,7,882
4782.1,95.0,7,882
4792.2,95.0,7,882
4802.3,95.0,7,882
4812.4,95.0,7,882
4822.5,100.0,5,877
4832.5,100.0,5,877
4842.7,100.0,5,877
4852.8,100.0,5,877
4862.9,100.0,5,877
4873.0,100.0,5,877
4883.1,100.0,5,877
4893.1,100.0,5,877
4903.2,100.0,5,877
4913.3,100.0,5,877
4923.4,100.0,5,877
4933.5,100.0,5,877
4943.6,100.0,5,877
4953.7,100.0,5,877
4963.9,100.0,5,877
4974.0,100.0,5,877
4984.1,100.0,5,877
4994.2,100.0,5,877
5004.3,100.0,5,877
5014.3,100.0,5,877
5024.4,80.0,8,869
5034.5,80.0,8,869
5044.6,80.0,8,869
5054.7,80.0,8,869
5064.7,80.0,8,869
5074.8,80.0,8,869
5084.9,80.0,8,869
5095.0,80.0,8,869
5105.1,80.0,8,869
5115.2,80.0,8,869
5125.3,80.0,8,869
5135.4,80.0,8,869
5145.5,80.0,8,869
5155.6,80.0,8,869
5165.7,80.0,8,869
5175.7,80.0,8,869
5185.8,80.0,8,869
5195.9,80.0,8,869
5206.0,80.0,8,869
5216.2,90.0,4,865
5226.3,90.0,4,865
5236.4,90.0,4,865
5246.4,90.0,4,865
5256.5,90.0,4,865
5266.6,90.0,4,865
5276.7,90.0,4,865
5286.8,90.0,4,865
5296.9,90.0,4,865
5306.9,90.0,4,865
5317.0,90.0,4,865
5327.1,90.0,4,865
5337.2,90.0,4,865
5347.2,90.0,4,865
5357.3,90.0,4,865
5367.4,90.0,4,865
5377.5,90.0,4,865
5387.6,90.0,4,865
5397.6,90.0,4,865
5407.7,90.0,4,865
5417.8,70.0,2,863
5427.9,70.0,2,863
5437.9,70.0,2,863
5448.0,70.0,2,863
5458.1,70.0,2,863
5468.2,70.0,2,863
5478.3,70.0,2,863
5488.4,70.0,2,863
5498.6,70.0,2,863
5508.6,70.0,2,863
5518.7,70.0,2,863
5528.8,70.0,2,863
5538.9,70.0,2,863
5548.9,70.0,2,863
5559.0,70.0,2,863
5569.1,70.0,2,863
5579.2,70.0,2,863
5589.2,70.0,2,863
5599.3,70.0,2,863
5609.4,70.0,2,863
5619.5,95.0,7,856
5629.5,95.0,7,856
5639.6,95.0,7,856
5649.7,95.0,7,856
5659.8,95.0,7,856
5669.8,95.0,7,856
5679.9,95.0,7,856
5690.0,95.0,7,856
5700.1,95.0,7,856
5710.1,95.0,7,856
5720.2,95.0,7,856
5730.3,95.0,7,856
5740.4,95.0,7,856
5750.4,95.0,7,856
5760.5,95.0,7,856
5770.6,95.0,7,856
5780.6,95.0,7,856
5790.7,95.0,7,856
5800.8,95.0,7,856
5810.9,95.0,7,856
5823.4,100.0,5,851
5833.5,100.0,5,851
5843.6,100.0,5,851
5853.9,100.0,5,851
5864.0,100.0,5,851
5874.1,100.0,5,851
5884.1,100.0,5,851
5894.2,100.0,5,851
5904.3,100.0,5,851
5914.4,100.0,5,851
5924.4,100.0,5,851
5934.6,100.0,5,851
5944.7,100.0,5,851
5954.8,100.0,5,851
5964.9,100.0,5,851
5975.0,100.0,5,851
5985.0,100.0,5,851
5995.1,100.0,5,851
6005.2,100.0,5,851
6015.3,100.0,5,851
6025.3,100.0,5,846
6035.4,100.0,5,846
6045.5,100.0,5,846
6055.6,100.0,5,846
6065.7,100.0,5,846
6075.8,100.0,5,846
6085.9,100.0,5,846
6096.0,100.0,5,846
6106.1,100.0,5,846
6116.2,100.0,5,846
6126.3,100.0,5,846
6136.4,100.0,5,846
6146.5,100.0,5,846
6156.6,100.0,5,846
6166.7,100.0,5,846
6176.8,100.0,5,846
6186.9,100.0,5,846
6197.0,100.0,5,846
6207.1,100.0,5,846
6217.1,95.0,7,839
6227.2,95.0,7,839
6237.3,95.0,7,839
6247.4,95.0,7,839
6257.5,95.0,7,839
6267.6,95.0,7,839
6277.7,95.0,7,839
6287.7,95.0,7,839
6297.8,95.0,7,839
6307.9,95.0,7,839
6318.0,95.0,7,839
6328.1,95.0,7,839
6338.1,95.0,7,839
6348.2,95.0,7,839
6358.3,95.0,7,839
6368.4,95.0,7,839
6378.5,95.0,7,839
6388.6,95.0,7,839
6398.7,95.0,7,839
6408.8,95.0,7,839
6418.8,85.0,6,833
6428.9,85.0,6,833
6439.0,85.0,6,833
6449.1,85.0,6,833
6459.1,85.0,6,833
6469.2,85.0,6,833
6479.3,85.0,6,833
6489.4,85.0,6,833
6499.7,85.0,6,833
6509.8,85.0,6,833
6519.8,85.0,6,833
6529.9,85.0,6,833
6540.0,85.0,6,833
6550.1,85.0,6,833
6560.1,85.0,6,833
6570.2,85.0,6,833
6580.3,85.0,6,833
6590.4,85.0,6,833
6600.5,85.0,6,833
6610.6,85.0,6,833
6620.6,100.0,5,828
6630.7,100.0,5,828
6640.8,100.0,5,828
6650.9,100.0,5,828
6662.6,100.0,5,828
6672.8,100.0,5,828
6682.9,100.0,5,828
6693.0,100.0,5,828
6703.1,100.0,5,828
6713.2,100.0,5,828
6723.2,100.0,5,828
6733.3,100.0,5,828
6743.4,100.0,5,828
6753.5,100.0,5,828
6763.5,100.0,5,828
6773.6,100.0,5,828
6783.7,100.0,5,828
6793.8,100.0,5,828
6803.9,100.0,5,828
6813.9,100.0,5,828
6824.0,95.0,7,821
6834.1,95.0,7,821
6844.2,95.0,7,821
6854.2,95.0,7,821
6864.3,95.0,7,821
6874.4,95.0,7,821
6884.5,95.0,7,821
6894.6,95.0,7,821
6904.6,95.0,7,821
6914.7,95.0,7,821
6924.8,95.0,7,821
6934.9,95.0,7,821
6945.0,95.0,7,821
6955.1,95.0,7,821
6965.1,95.0,7,821
6975.2,95.0,7,821
6985.3,95.0,7,821
6995.4,95.0,7,821
7005.5,95.0,7,821
7015.6,95.0,7,821
7025.7,75.0,5,816
7035.7,75.0,5,816
7045.8,75.0,5,816
7055.9,75.0,5,816
7066.0,75.0,5,816
7076.1,75.0,5,816
7086.1,75.0,5,816
7096.2,75.0,5,816
7106.3,75.0,5,816
7116.4,75.0,5,816
7126.4,75.0,5,816
7136.5,75.0,5,816
7146.6,75.0,5,816
7156.7,75.0,5,816
7166.8,75.0,5,816
7176.9,75.0,5,816
7187.0,75.0,5,816
7197.0,75.0,5,816
7207.1,75.0,5,816
7217.2,90.0,4,814
7227.3,100.0,5,811
7237.3,100.0,5,811
7247.4,100.0,5,811
7257.5,100.0,5,811
7267.6,100.0,5,811
7277.7,100.0,5,811
7287.8,100.0,5,811
7297.8,100.0,5,811
7307.9,100.0,5,811
7318.0,100.0,5,811
7328.1,100.0,5,811
7338.2,100.0,5,811
7348.3,100.0,5,811
7358.3,100.0,5,811
7368.4,100.0,5,811
7378.5,100.0,5,811
7388.6,100.0,5,811
7398.7,100.0,5,811
7408.8,100.0,5,811
7418.8,95.0,7,804
7428.9,95.0,7,804
7439.0,95.0,7,804
7449.1,95.0,7,804
7459.2,95.0,7,804
7469.2,95.0,7,804
7479.3,95.0,7,804
7489.4,95.0,7,804
7499.5,95.0,7,804
7510.4,95.0,7,804
7520.5,95.0,7,804
7530.6,95.0,7,804
7540.7,95.0,7,804
7550.7,95.0,7,804
7560.8,95.0,7,804
7570.9,95.0,7,804
7581.0,95.0,7,804
7591.1,95.0,7,804
7601.1,95.0,7,804
7611.2,95.0,7,804
7621.3,95.0,7,797
7631.4,95.0,7,797
7642.1,95.0,7,797
7652.2,95.0,7,797
7662.3,95.0,7,797
7672.4,95.0,7,797
7682.5,95.0,7,797
7692.6,95.0,7,797
7702.6,95.0,7,797
7712.7,95.0,7,797
7722.8,95.0,7,797
7732.9,95.0,7,797
7743.1,95.0,7,797
7753.1,95.0,7,797
7763.2,95.0,7,797
7773.3,95.0,7,797
7783.4,95.0,7,797
7793.4,95.0,7,797
7803.5,95.0,7,797
7813.6,95.0,7,797
7823.7,100.0,5,792
7833.7,100.0,5,792
7843.8,100.0,5,792
7853.9,100.0,5,792
7864.0,100.0,5,792
7874.1,100.0,5,792
7884.1,100.0,5,792
7894.5,100.0,5,792
7904.5,100.0,5,792
7914.6,100.0,5,792
7924.7,100.0,5,792
7934.8,100.0,5,792
7944.9,100.0,5,792
7955.0,100.0,5,792
7965.0,100.0,5,792
7975.1,100.0,5,792
7985.2,100.0,5,792
7995.3,100.0,5,792
8005.4,100.0,5,792
8015.5,100.0,5,792
8025.6,100.0,5,787
8035.7,100.0,5,787
8045.8,100.0,5,787
8055.9,100.0,5,787
8065.9,100.0,5,787
8076.0,100.0,5,787
8086.1,100.0,5,787
8096.2,100.0,5,787
8106.2,100.0,5,787
8116.3,100.0,5,787
8126.4,100.0,5,787
8136.5,100.0,5,787
8146.6,100.0,5,787
8156.6,100.0,5,787
8166.7,100.0,5,787
8176.8,100.0,5,787
8186.9,100.0,5,787
8197.0,100.0,5,787
8207.1,100.0,5,787
8217.2,100.0,5,787
8227.2,90.0,4,783
8237.3,90.0,4,783
8248.2,90.0,4,783
8258.2,90.0,4,783
8268.3,90.0,4,783
8278.4,90.0,4,783
8288.5,90.0,4,783
8298.6,90.0,4,783
8308.7,90.0,4,783
8318.7,90.0,4,783
8328.8,90.0,4,783
8338.9,90.0,4,783
8349.0,90.0,4,783
8359.1,90.0,4,783
8369.2,90.0,4,783
8379.2,90.0,4,783
8389.3,90.0,4,783
8399.4,90.0,4,783
8409.5,90.0,4,783
8419.6,80.0,3,780
8429.7,80.0,3,780
8439.7,80.0,3,780
8449.8,80.0,3,780
8459.9,80.0,3,780
8470.0,80.0,3,780
8480.1,80.0,3,780
8490.2,80.0,3,780
8500.3,80.0,3,780
8510.3,80.0,3,780
8520.5,80.0,3,780
8530.5,80.0,3,780
8540.6,80.0,3,780
8550.9,80.0,3,780
8561.0,80.0,3,780
8571.1,80.0,3,780
8581.2,80.0,3,780
8591.2,80.0,3,780
8601.3,80.0,3,780
8611.4,80.0,3,780
8621.5,80.0,3,777
8631.6,80.0,3,777
8641.7,80.0,3,777
8651.8,80.0,3,777
8661.9,80.0,3,777
8672.0,80.0,3,777
8682.1,80.0,3,777
8692.2,80.0,3,777
8702.3,80.0,3,777
8712.4,80.0,3,777
8722.6,80.0,3,777
8732.8,80.0,3,777
8744.0,80.0,3,777
8754.3,80.0,3,777
8764.4,80.0,3,777
8774.4,80.0,3,777
8784.5,80.0,3,777
8794.6,80.0,3,777
8804.7,80.0,3,777
8814.8,80.0,3,777
8824.9,80.0,3,774
8835.0,80.0,3,774
8845.1,80.0,3,774
8855.1,80.0,3,774
8865.2,80.0,3,774
8875.3,80.0,3,774
8885.4,80.0,3,774
8895.5,80.0,3,774
8905.5,80.0,3,774
8915.6,80.0,3,774
8925.7,80.0,3,774
8935.8,80.0,3,774
8945.9,80.0,3,774
8956.1,80.0,3,774
8966.1,80.0,3,774
8976.2,80.0,3,774
8986.6,80.0,3,774
8996.7,80.0,3,774
9006.8,80.0,3,774
9016.8,80.0,3,774
9027.0,85.0,6,768
9037.0,85.0,6,768
9047.1,85.0,6,768
9057.2,85.0,6,768
9067.2,85.0,6,768
9077.4,85.0,6,768
9088.6,85.0,6,768
9099.4,85.0,6,768
9109.5,85.0,6,768
9119.6,85.0,6,768
9130.8,85.0,6,768
9140.8,85.0,6,768
9150.9,85.0,6,768
9161.0,85.0,6,768
9171.1,85.0,6,768
9181.2,85.0,6,768
9191.2,85.0,6,768
9201.3,85.0,6,768
9211.5,85.0,6,768
9221.6,85.0,6,762
9231.7,85.0,6,762
9241.7,85.0,6,762
9251.8,85.0,6,762
9261.9,85.0,6,762
9272.0,85.0,6,762
9282.1,85.0,6,762
9292.2,85.0,6,762
9302.7,85.0,6,762
9312.8,85.0,6,762
9322.8,85.0,6,762
9332.9,85.0,6,762
9343.1,85.0,6,762
9353.2,85.0,6,762
9363.3,85.0,6,762
9373.4,85.0,6,762
9383.5,85.0,6,762
9393.5,85.0,6,762
9403.6,85.0,6,762
9413.7,85.0,6,762
9423.8,100.0,5,757
9433.8,100.0,5,757
9443.9,100.0,5,757
9454.0,100.0,5,757
9464.1,100.0,5,757
9474.2,100.0,5,757
9484.3,100.0,5,757
9494.4,100.0,5,757
9504.4,100.0,5,757
9514.5,100.0,5,757
9524.7,100.0,5,757
9534.8,100.0,5,757
9544.9,100.0,5,757
9554.9,100.0,5,757
9565.0,100.0,5,757
9575.0,100.0,5,757
9585.1,100.0,5,757
9595.2,100.0,5,757
9605.3,100.0,5,757
9615.4,100.0,5,757
9625.5,90.0,4,753
9635.7,90.0,4,753
9645.8,90.0,4,753
9655.8,90.0,4,753
9665.9,90.0,4,753
9676.0,90.0,4,753
9686.1,90.0,4,753
9696.2,90.0,4,753
9706.2,90.0,4,753
9716.3,90.0,4,753
9726.4,90.0,4,753
9736.5,90.0,4,753
9746.6,90.0,4,753
9756.6,90.0,4,753
9766.7,90.0,4,753
9776.8,90.0,4,753
9786.9,90.0,4,753
9797.0,90.0,4,753
9807.1,90.0,4,753
9817.1,90.0,4,753
9827.2,90.0,4,749
9837.3,90.0,4,749
9847.4,90.0,4,749
9857.5,90.0,4,749
9867.6,90.0,4,749
9877.6,90.0,4,749
9887.7,90.0,4,749
9897.8,90.0,4,749
9907.9,90.0,4,749
9918.0,90.0,4,749
9928.1,90.0,4,749
9938.2,90.0,4,749
9948.3,90.0,4,749
9958.4,90.0,4,749
9968.5,90.0,4,749
9978.6,90.0,4,749
9988.6,90.0,4,749
9998.7,90.0,4,749
10008.8,90.0,4,749
10018.9,90.0,4,748
10028.9,90.0,4,745
10039.0,90.0,4,745
10049.1,90.0,4,745
10059.2,90.0,4,745
10069.3,90.0,4,745
10079.4,90.0,4,745
10089.5,90.0,4,745
10099.5,90.0,4,745
10109.6,90.0,4,745
10119.7,90.0,4,745
10129.8,90.0,4,745
10139.9,90.0,4,745
10150.0,90.0,4,745
10160.0,90.0,4,745
10170.1,90.0,4,745
10180.2,90.0,4,745
10190.3,90.0,4,745
10200.4,90.0,4,745
10210.4,90.0,4,745
10220.5,75.0,5,740
10230.6,75.0,5,740
10240.7,75.0,5,740
10250.8,75.0,5,740
10260.9,75.0,5,740
10271.1,75.0,5,740
10282.9,75.0,5,740
10293.0,75.0,5,740
10303.1,75.0,5,740
10313.2,75.0,5,740
10323.2,75.0,5,740
10333.3,75.0,5,740
10343.4,75.0,5,740
10353.5,75.0,5,740
10363.6,75.0,5,740
10373.7,75.0,5,740
10383.8,75.0,5,740
10393.9,75.0,5,740
10404.0,75.0,5,740
10414.1,75.0,5,740
10424.2,80.0,3,737
10434.3,80.0,3,737
10444.4,80.0,3,737
10454.5,80.0,3,737
10464.6,80.0,3,737
10474.7,80.0,3,737
10484.8,80.0,3,737
10494.9,80.0,3,737
10505.0,80.0,3,737
10515.1,80.0,3,737
10525.2,80.0,3,737
10535.2,80.0,3,737
10545.4,80.0,3,737
10555.5,80.0,3,737
10565.6,80.0,3,737
10575.7,80.0,3,737
10585.7,80.0,3,737
10595.8,80.0,3,737
10606.1,80.0,3,737
10616.1,80.0,3,737
10626.2,85.0,6,731
10636.3,85.0,6,731
10646.4,85.0,6,731
10656.5,85.0,6,731
10666.6,85.0,6,731
10676.7,85.0,6,731
10686.8,85.0,6,731
10696.9,85.0,6,731
10707.0,85.0,6,731
10717.0,85.0,6,731
10727.1,85.0,6,731
10737.2,85.0,6,731
10747.3,85.0,6,731
10757.4,85.0,6,731
10767.5,85.0,6,731
10777.6,85.0,6,731
10787.7,85.0,6,731
10797.8,85.0,6,731
10807.9,85.0,6,731
10818.0,85.0,6,731
10828.1,80.0,3,728
10838.1,80.0,3,728
10848.3,80.0,3,728
10858.4,80.0,3,728
10868.4,80.0,3,728
10878.5,80.0,3,728
10888.6,80.0,3,728
10898.7,80.0,3,728
10908.7,80.0,3,728
10918.8,80.0,3,728
10928.9,80.0,3,728
10939.1,80.0,3,728
10949.2,80.0,3,728
10959.3,80.0,3,728
10969.4,80.0,3,728
10979.5,80.0,3,728
10989.5,80.0,3,728
10999.6,80.0,3,728
11009.7,80.0,3,728
11019.8,80.0,3,727
11029.9,80.0,3,725
11040.0,80.0,3,725
11050.1,80.0,3,725
11060.2,80.0,3,725
11070.3,80.0,3,725
11080.3,80.0,3,725
11090.4,80.0,3,725
11100.5,80.0,3,725
11110.6,80.0,3,725
11120.6,80.0,3,725
11130.7,80.0,3,725
11140.8,80.0,3,725
11150.9,80.0,3,725
11161.0,80.0,3,725
11171.1,80.0,3,725
11181.2,80.0,3,725
11191.3,80.0,3,725
11201.4,80.0,3,725
11211.4,80.0,3,725
11221.5,100.0,5,720
11231.6,100.0,5,720
11241.7,100.0,5,720
11251.8,100.0,5,720
11261.9,100.0,5,720
11272.0,100.0,5,720
11282.0,100.0,5,720
11292.1,100.0,5,720
11302.2,100.0,5,720
11312.3,100.0,5,720
11322.3,100.0,5,720
11332.4,100.0,5,720
11342.5,100.0,5,720
11352.6,100.0,5,720
11362.7,100.0,5,720
11372.8,100.0,5,720
11382.9,100.0,5,720
11393.0,100.0,5,720
11403.1,100.0,5,720
11413.1,100.0,5,720
11423.2,75.0,5,715
11433.3,75.0,5,715
11443.4,75.0,5,715
11453.5,75.0,5,715
11463.6,75.0,5,715
11473.7,75.0,5,715
11483.8,75.0,5,715
11493.9,75.0,5,715
11503.9,75.0,5,715
11514.0,75.0,5,715
11524.1,75.0,5,715
11534.1,75.0,5,715
11544.2,75.0,5,715
11554.3,75.0,5,715
11564.4,75.0,5,715
11574.5,75.0,5,715
11584.6,75.0,5,715
11594.7,75.0,5,715
11604.7,75.0,5,715
11614.8,75.0,5,715
11624.9,75.0,5,710
11635.0,75.0,5,710
11645.1,75.0,5,710
11655.1,75.0,5,710
11665.2,75.0,5,710
11675.3,75.0,5,710
11685.4,75.0,5,710
11695.5,75.0,5,710
11705.5,75.0,5,710
11715.6,75.0,5,710
11725.7,75.0,5,710
11735.7,75.0,5,710
11745.8,75.0,5,710
11755.9,75.0,5,710
11765.9,75.0,5,710
11776.0,75.0,5,710
11786.1,75.0,5,710
11796.2,75.0,5,710
11806.2,75.0,5,710
11816.3,75.0,5,710
11826.4,90.0,4,706
11836.5,90.0,4,706
11846.6,90.0,4,706
11856.7,90.0,4,706
11866.8,90.0,4,706
11876.9,90.0,4,706
11886.9,90.0,4,706
11897.0,90.0,4,706
11907.1,90.0,4,706
11917.2,90.0,4,706
11927.3,90.0,4,706
11937.4,90.0,4,706
11947.5,90.0,4,706
11957.6,90.0,4,706
11967.7,90.0,4,706
11977.8,90.0,4,706
11987.9,90.0,4,706
11998.0,90.0,4,706
12008.0,90.0,4,706
12018.1,90.0,4,706
12028.2,80.0,3,703
12038.3,80.0,3,703
12048.4,80.0,3,703
12058.5,80.0,3,703
12068.6,80.0,3,703
12078.7,80.0,3,703
12088.8,80.0,3,703
12098.9,80.0,3,703
12109.0,80.0,3,703
12119.0,80.0,3,703
12129.1,80.0,3,703
12139.2,80.0,3,703
12149.3,80.0,3,703
12159.4,80.0,3,703
12169.5,80.0,3,703
12179.6,80.0,3,703
12189.7,80.0,3,703
12199.8,80.0,3,703
12209.9,80.0,3,703
12219.9,80.0,3,703
12230.0,100.0,5,698
12240.1,100.0,5,698
12250.2,100.0,5,698
12260.3,100.0,5,698
12270.4,100.0,5,698
12281.1,100.0,5,698
12291.1,100.0,5,698
12301.2,100.0,5,698
12311.3,100.0,5,698
12321.3,100.0,5,698
12331.4,100.0,5,698
12341.5,100.0,5,698
12351.6,100.0,5,698
12361.7,100.0,5,698
12371.8,100.0,5,698
12381.9,100.0,5,698
12392.0,100.0,5,698
12402.1,100.0,5,698
12412.1,100.0,5,698
12422.2,85.0,6,692
12432.3,85.0,6,692
12442.4,85.0,6,692
12452.5,85.0,6,692
12462.6,85.0,6,692
12472.7,85.0,6,692
12482.8,85.0,6,692
12492.9,85.0,6,692
12503.0,85.0,6,692
12513.0,85.0,6,692
12523.1,85.0,6,692
12533.2,85.0,6,692
12543.2,85.0,6,692
12553.3,85.0,6,692
12563.4,85.0,6,692
12573.5,85.0,6,692
12583.6,85.0,6,692
12593.7,85.0,6,692
12603.8,85.0,6,692
12613.9,85.0,6,692
12623.9,90.0,4,688
12634.0,90.0,4,688
12644.1,90.0,4,688
12654.2,90.0,4,688
12664.3,90.0,4,688
12674.4,90.0,4,688
12684.5,90.0,4,688
12694.5,90.0,4,688
12704.6,90.0,4,688
12714.7,90.0,4,688
12724.7,90.0,4,688
12734.8,90.0,4,688
12744.9,90.0,4,688
12755.0,90.0,4,688
12765.1,90.0,4,688
12775.2,90.0,4,688
12785.3,90.0,4,688
12795.4,90.0,4,688
12805.5,90.0,4,688
12815.5,90.0,4,688
12825.6,100.0,5,683
12837.8,100.0,5,683
12847.9,100.0,5,683
12857.9,100.0,5,683
12869.0,100.0,5,683
12879.1,100.0,5,683
12889.2,100.0,5,683
12899.3,100.0,5,683
12909.3,100.0,5,683
12919.4,100.0,5,683
12929.5,100.0,5,683
12939.6,100.0,5,683
12949.6,100.0,5,683
12959.7,100.0,5,683
12969.8,100.0,5,683
12979.9,100.0,5,683
12989.9,100.0,5,683
13000.0,100.0,5,683
13010.1,100.0,5,683
13020.1,100.0,5,683
13030.2,95.0,7,676
13040.3,95.0,7,676
13050.3,95.0,7,676
13060.4,95.0,7,676
13070.5,95.0,7,676
13080.6,95.0,7,676
13090.7,95.0,7,676
13100.7,95.0,7,676
13110.8,95.0,7,676
13120.9,95.0,7,676
13131.0,95.0,7,676
13141.1,95.0,7,676
13151.2,95.0,7,676
13161.3,95.0,7,676
13171.4,95.0,7,676
13181.5,95.0,7,676
13191.5,95.0,7,676
13201.6,95.0,7,676
13211.7,95.0,7,676
13221.8,95.0,7,669
13231.9,95.0,7,669
13241.9,95.0,7,669
13252.0,95.0,7,669
13262.1,95.0,7,669
13272.2,95.0,7,669
13282.3,95.0,7,669
13292.6,95.0,7,669
13303.0,95.0,7,669
13313.1,95.0,7,669
13323.2,95.0,7,669
13333.2,95.0,7,669
13343.3,95.0,7,669
13353.4,95.0,7,669
13363.4,95.0,7,669
13373.5,95.0,7,669
13383.6,95.0,7,669
13393.7,95.0,7,669
13403.8,95.0,7,669
13413.9,95.0,7,669
13423.9,80.0,8,661
13434.0,80.0,8,661
13444.1,80.0,8,661
13454.2,80.0,8,661
13464.3,80.0,8,661
13474.4,80.0,8,661
13484.6,80.0,8,661
13494.7,80.0,8,661
13504.8,80.0,8,661
13516.1,80.0,8,661
13526.2,80.0,8,661
13536.3,80.0,8,661
13546.4,80.0,8,661
13556.5,80.0,8,661
13566.5,80.0,8,661
13576.6,80.0,8,661
13587.4,80.0,8,661
13597.4,80.0,8,661
13607.5,80.0,8,661
13617.6,80.0,8,661
13627.7,95.0,7,654
13637.8,95.0,7,654
13647.9,95.0,7,654
13657.9,95.0,7,654
13668.0,95.0,7,654
13678.1,95.0,7,654
13689.6,95.0,7,654
13699.7,95.0,7,654
13709.8,95.0,7,654
13719.8,95.0,7,654
13729.9,95.0,7,654
13740.0,95.0,7,654
13750.0,95.0,7,654
13760.1,95.0,7,654
13770.2,95.0,7,654
13780.3,95.0,7,654
13790.3,95.0,7,654
13800.4,95.0,7,654
13810.5,95.0,7,654
13820.6,95.0,7,654
13830.7,80.0,8,646
13840.8,80.0,8,646
13850.9,80.0,8,646
13861.0,80.0,8,646
13871.0,80.0,8,646
13881.1,80.0,8,646
13891.2,80.0,8,646
13901.3,80.0,8,646
13911.3,80.0,8,646
13921.4,80.0,8,646
13931.5,80.0,8,646
13941.6,80.0,8,646
13951.7,80.0,8,646
13961.8,80.0,8,646
13971.9,80.0,8,646
13982.0,80.0,8,646
13992.1,80.0,8,646
14002.2,80.0,8,646
14012.3,80.0,8,646
14022.4,75.0,5,641
14032.5,75.0,5,641
14042.6,75.0,5,641
14052.7,75.0,5,641
14062.8,75.0,5,641
14072.9,75.0,5,641
14083.0,75.0,5,641
14093.0,75.0,5,641
14103.2,75.0,5,641
14113.3,75.0,5,641
14123.4,75.0,5,641
14133.5,75.0,5,641
14143.6,75.0,5,641
14153.7,75.0,5,641
14163.9,75.0,5,641
14174.0,75.0,5,641
14184.1,75.0,5,641
14194.1,75.0,5,641
14204.2,75.0,5,641
14214.4,75.0,5,641
14224.5,90.0,4,637
14234.5,90.0,4,637
14244.7,90.0,4,637
14254.8,90.0,4,637
14264.9,90.0,4,637
14274.9,90.0,4,637
14285.0,90.0,4,637
14295.1,90.0,4,637
14305.2,90.0,4,637
14315.3,90.0,4,637
14325.4,90.0,4,637
14335.5,90.0,4,637
14345.6,90.0,4,637
14355.7,90.0,4,637
14365.9,90.0,4,637
14376.0,90.0,4,637
14386.1,90.0,4,637
14396.2,90.0,4,637
14406.5,90.0,4,637
14416.6,90.0,4,637
14426.7,95.0,7,630
14436.8,95.0,7,630
14446.9,95.0,7,630
14457.1,95.0,7,630
14467.1,95.0,7,630
14477.3,95.0,7,630
14487.4,95.0,7,630
14497.4,95.0,7,630
14507.5,95.0,7,630
14517.9,95.0,7,630
14528.0,95.0,7,630
14538.1,95.0,7,630
14548.2,95.0,7,630
14558.3,95.0,7,630
14568.3,95.0,7,630
14578.4,95.0,7,630
14588.5,95.0,7,630
14599.0,95.0,7,630
14609.1,95.0,7,630
14619.2,95.0,7,630
14629.3,75.0,5,625
14639.4,75.0,5,625
14649.5,75.0,5,625
14659.6,75.0,5,625
14669.7,75.0,5,625
14679.7,75.0,5,625
14689.8,75.0,5,625
14699.9,75.0,5,625
14710.0,75.0,5,625
14720.1,75.0,5,625
14730.1,75.0,5,625
14740.2,75.0,5,625
14750.3,75.0,5,625
14760.4,75.0,5,625
14770.5,75.0,5,625
14780.5,75.0,5,625
14790.6,75.0,5,625
14800.7,75.0,5,625
14810.8,75.0,5,625
14820.9,75.0,5,625
14831.0,100.0,5,620
14841.1,100.0,5,620
14851.2,100.0,5,620
14861.2,100.0,5,620
14871.3,100.0,5,620
14881.4,100.0,5,620
14893.2,100.0,5,620
14905.6,100.0,5,620
14915.7,100.0,5,620
14925.8,100.0,5,620
14936.3,100.0,5,620
14946.4,100.0,5,620
14956.5,100.0,5,620
14966.6,100.0,5,620
14976.7,100.0,5,620
14986.8,100.0,5,620
14996.8,100.0,5,620
15006.9,100.0,5,620
15017.0,100.0,5,620
15027.1,100.0,5,615
15037.1,100.0,5,615
15047.2,100.0,5,615
15057.3,100.0,5,615
15067.3,100.0,5,615
15077.4,100.0,5,615
15087.5,100.0,5,615
15097.6,100.0,5,615
15107.6,100.0,5,615
15117.7,100.0,5,615
15127.8,100.0,5,615
15137.9,100.0,5,615
15147.9,100.0,5,615
15158.0,100.0,5,615
15168.1,100.0,5,615
15178.1,100.0,5,615
15188.2,100.0,5,615
15198.3,100.0,5,615
15208.4,100.0,5,615
15218.5,100.0,5,615
15228.6,80.0,3,612
15238.6,80.0,3,612
15248.7,80.0,3,612
15258.8,80.0,3,612
15268.9,80.0,3,612
15279.0,80.0,3,612
15289.0,80.0,3,612
15299.1,80.0,3,612
15309.2,80.0,3,612
15319.3,80.0,3,612
15329.4,80.0,3,612
15339.4,80.0,3,612
15349.5,80.0,3,612
15359.6,80.0,3,612
15369.7,80.0,3,612
15379.8,80.0,3,612
15389.9,80.0,3,612
15400.0,80.0,3,612
15410.1,80.0,3,612
15420.2,80.0,3,612
15430.3,80.0,3,609
15440.4,80.0,3,609
15450.5,80.0,3,609
15460.5,80.0,3,609
15470.6,80.0,3,609
15480.7,80.0,3,609
15490.8,80.0,3,609
15500.9,80.0,3,609
15511.0,80.0,3,609
15521.1,80.0,3,609
15531.2,80.0,3,609
15541.3,80.0,3,609
15551.3,80.0,3,609
15561.4,80.0,3,609
15571.5,80.0,3,609
15581.5,80.0,3,609
15591.6,80.0,3,609
15601.7,80.0,3,609
15611.8,80.0,3,609
15621.9,80.0,3,609
15631.9,85.0,6,603
15642.1,85.0,6,603
15652.1,85.0,6,603
15662.2,85.0,6,603
15672.3,85.0,6,603
15682.3,85.0,6,603
15692.4,85.0,6,603
15702.9,85.0,6,603
15713.0,85.0,6,603
15723.0,85.0,6,603
15733.1,85.0,6,603
15743.2,85.0,6,603
15753.3,85.0,6,603
15763.4,85.0,6,603
15773.4,85.0,6,603
15783.5,85.0,6,603
15793.6,85.0,6,603
15803.6,85.0,6,603
15813.7,85.0,6,603
15823.8,85.0,6,603
15833.9,90.0,4,599
15843.9,90.0,4,599
15854.0,90.0,4,599
15864.1,90.0,4,599
15874.1,90.0,4,599
15884.2,90.0,4,599
15894.3,90.0,4,599
15904.4,90.0,4,599
15914.5,90.0,4,599
15924.6,90.0,4,599
15934.6,90.0,4,599
15944.7,90.0,4,599
15954.8,90.0,4,599
15964.8,90.0,4,599
15974.9,90.0,4,599
15985.0,90.0,4,599
15995.1,90.0,4,599
16005.2,90.0,4,599
16015.3,90.0,4,599
16025.4,70.0,2,597
16035.4,70.0,2,597
16045.5,70.0,2,597
16055.6,70.0,2,597
16065.7,70.0,2,597
16075.8,70.0,2,597
16087.6,70.0,2,597
16097.7,70.0,2,597
16107.8,70.0,2,597
16117.9,70.0,2,597
16128.0,70.0,2,597
16138.1,70.0,2,597
16148.2,70.0,2,597
16158.3,70.0,2,597
16168.4,70.0,2,597
16178.5,70.0,2,597
16188.6,70.0,2,597
16198.7,70.0,2,597
16208.8,70.0,2,597
16218.8,70.0,2,597
16228.9,80.0,3,594
16239.0,80.0,3,594
16249.1,80.0,3,594
16259.2,80.0,3,594
16269.3,80.0,3,594
16279.4,80.0,3,594
16289.5,80.0,3,594
16299.6,80.0,3,594
16309.7,80.0,3,594
16319.7,80.0,3,594
16329.8,80.0,3,594
16339.9,80.0,3,594
16349.9,80.0,3,594
16360.0,80.0,3,594
16370.1,80.0,3,594
16380.2,80.0,3,594
16390.2,80.0,3,594
16400.3,80.0,3,594
16410.4,80.0,3,594
16420.5,80.0,3,594
16430.5,95.0,7,587
16440.6,95.0,7,587
16450.7,95.0,7,587
16460.8,95.0,7,587
16470.8,95.0,7,587
16480.9,95.0,7,587
16491.0,95.0,7,587
16501.1,95.0,7,587
16511.1,95.0,7,587
16521.3,95.0,7,587
16531.4,95.0,7,587
16541.4,95.0,7,587
16551.5,95.0,7,587
16561.6,95.0,7,587
16571.7,95.0,7,587
16581.7,95.0,7,587
16591.8,95.0,7,587
16601.9,95.0,7,587
16612.0,95.0,7,587
16622.1,95.0,7,587
16632.2,85.0,6,581
16642.3,85.0,6,581
16652.4,85.0,6,581
16662.5,85.0,6,581
16672.5,85.0,6,581
16682.6,85.0,6,581
16693.1,85.0,6,581
16703.4,85.0,6,581
16713.4,85.0,6,581
16723.5,85.0,6,581
16733.6,85.0,6,581
16746.4,85.0,6,581
16756.4,85.0,6,581
16766.6,85.0,6,581
16776.6,85.0,6,581
16786.7,85.0,6,581
16796.8,85.0,6,581
16806.9,85.0,6,581
16817.0,85.0,6,581
16827.0,85.0,6,575
16837.1,85.0,6,575
16847.2,85.0,6,575
16857.3,85.0,6,575
16867.4,85.0,6,575
16877.4,85.0,6,575
16887.5,85.0,6,575
16897.6,85.0,6,575
16907.7,85.0,6,575
16917.8,85.0,6,575
16927.8,85.0,6,575
16937.9,85.0,6,575
16948.0,85.0,6,575
16960.5,85.0,6,575
16971.2,85.0,6,575
16981.5,85.0,6,575
16991.6,85.0,6,575
17001.6,85.0,6,575
17011.7,85.0,6,575
17021.8,85.0,6,575
17031.8,80.0,3,572
17041.9,80.0,3,572
17052.0,80.0,3,572
17062.0,80.0,3,572
17072.1,80.0,3,572
17082.2,80.0,3,572
17092.3,80.0,3,572
17102.3,80.0,3,572
17112.4,80.0,3,572
17122.5,80.0,3,572
17132.5,80.0,3,572
17142.6,80.0,3,572
17152.7,80.0,3,572
17162.8,80.0,3,572
17172.8,80.0,3,572
17182.9,80.0,3,572
17193.0,80.0,3,572
17203.0,80.0,3,572
17213.1,80.0,3,572
17223.2,80.0,3,572
17233.2,70.0,2,570
17243.3,70.0,2,570
17253.4,70.0,2,570
17263.5,70.0,2,570
17273.5,70.0,2,570
17283.6,70.0,2,570
17293.7,70.0,2,570
17303.7,70.0,2,570
17313.8,70.0,2,570
17323.9,70.0,2,570
17334.0,70.0,2,570
17344.0,70.0,2,570
17354.1,70.0,2,570
17364.2,70.0,2,570
17374.2,70.0,2,570
17384.3,70.0,2,570
17394.4,70.0,2,570
17404.5,70.0,2,570
17414.5,70.0,2,570
17424.6,70.0,2,570
17434.7,75.0,5,565
17444.7,75.0,5,565
17454.8,75.0,5,565
17464.9,75.0,5,565
17474.9,75.0,5,565
17485.0,75.0,5,565
17495.1,75.0,5,565
17505.1,75.0,5,565
17515.2,75.0,5,565
17525.3,75.0,5,565
17535.4,75.0,5,565
17545.4,75.0,5,565
17555.5,75.0,5,565
17565.6,75.0,5,565
17575.6,75.0,5,565
17585.7,75.0,5,565
17595.8,75.0,5,565
17606.0,75.0,5,565
17616.1,75.0,5,565
17626.2,100.0,5,561
17636.2,90.0,4,561
17646.3,90.0,4,561
17656.4,90.0,4,561
17666.5,90.0,4,561
17676.6,90.0,4,561
17686.7,90.0,4,561
17696.8,90.0,4,561
17706.9,90.0,4,561
17717.0,90.0,4,561
17727.0,90.0,4,561
17737.1,90.0,4,561
17747.2,90.0,4,561
17757.3,90.0,4,561
17767.4,90.0,4,561
17777.5,90.0,4,561
17787.6,90.0,4,561
17797.7,90.0,4,561
17807.8,90.0,4,561
17817.8,90.0,4,561
17827.9,100.0,5,556
17838.0,100.0,5,556
17848.1,100.0,5,556
17858.2,100.0,5,556
17868.2,100.0,5,556
17878.3,100.0,5,556
17888.4,100.0,5,556
17898.5,100.0,5,556
17908.6,100.0,5,556
17918.7,100.0,5,556
17928.8,100.0,5,556
17938.8,100.0,5,556
17948.9,100.0,5,556
17959.0,100.0,5,556
17969.5,100.0,5,556
17979.6,100.0,5,556
17989.6,100.0,5,556
18000.6,100.0,5,556
18017.9,100.0,5,556
18027.9,100.0,5,551
18038.0,100.0,5,551
18048.1,100.0,5,551
18058.1,100.0,5,551
18068.2,100.0,5,551
18078.3,100.0,5,551
18088.4,100.0,5,551
18098.5,100.0,5,551
18108.5,100.0,5,551
18118.6,100.0,5,551
18128.7,100.0,5,551
18138.8,100.0,5,551
18148.9,100.0,5,551
18159.0,100.0,5,551
18169.0,100.0,5,551
18179.1,100.0,5,551
18189.2,100.0,5,551
18199.3,100.0,5,551
18209.4,100.0,5,551
18219.4,100.0,5,551
18229.5,75.0,5,546
18239.6,75.0,5,546
18249.7,75.0,5,546
18259.8,75.0,5,546
18269.9,75.0,5,546
18280.0,75.0,5,546
18290.1,75.0,5,546
18300.2,75.0,5,546
18310.2,75.0,5,546
18320.3,75.0,5,546
18330.4,75.0,5,546
18340.5,75.0,5,546
18350.5,75.0,5,546
18360.7,75.0,5,546
18370.8,75.0,5,546
18380.9,75.0,5,546
18391.0,75.0,5,546
18401.1,75.0,5,546
18411.2,75.0,5,546
18421.3,75.0,5,546
18431.4,80.0,3,543
18441.5,80.0,3,543
18451.7,80.0,3,543
18461.8,80.0,3,543
18471.9,80.0,3,543
18482.0,80.0,3,543
18492.1,80.0,3,543
18502.2,80.0,3,543
18512.3,80.0,3,543
18522.3,80.0,3,543
18532.4,80.0,3,543
18542.5,80.0,3,543
18552.6,80.0,3,543
18562.6,80.0,3,543
18572.7,80.0,3,543
18582.8,80.0,3,543
18592.9,80.0,3,543
18603.0,80.0,3,543
18613.1,80.0,3,543
18623.2,80.0,3,543
18633.3,80.0,3,540
18643.4,80.0,3,540
18653.5,80.0,3,540
18663.6,80.0,3,540
18673.7,80.0,3,540
18683.8,80.0,3,540
18693.9,80.0,3,540
18704.0,80.0,3,540
18714.1,80.0,3,540
18724.1,80.0,3,540
18734.2,80.0,3,540
18745.5,80.0,3,540
18755.6,80.0,3,540
18765.6,80.0,3,540
18775.7,80.0,3,540
18785.8,80.0,3,540
18795.9,80.0,3,540
18805.9,80.0,3,540
18816.0,80.0,3,540
18826.1,80.0,3,540
18836.2,100.0,5,535
18846.3,100.0,5,535
18856.4,100.0,5,535
18866.5,100.0,5,535
18876.6,100.0,5,535
18886.6,100.0,5,535
18896.7,100.0,5,535
18906.8,100.0,5,535
18916.9,100.0,5,535
18926.9,100.0,5,535
18937.0,100.0,5,535
18947.1,100.0,5,535
18957.2,100.0,5,535
18967.3,100.0,5,535
18977.3,100.0,5,535
18987.4,100.0,5,535
18998.2,100.0,5,535
19008.4,100.0,5,535
19019.6,100.0,5,535
19029.7,80.0,3,532
19039.8,80.0,3,532
19050.6,80.0,3,532
19060.6,80.0,3,532
19070.7,80.0,3,532
19080.8,80.0,3,532
19090.9,80.0,3,532
19100.9,80.0,3,532
19111.0,80.0,3,532
19121.1,80.0,3,532
19131.2,80.0,3,532
19141.3,80.0,3,532
19152.6,80.0,3,532
19162.7,80.0,3,532
19172.8,80.0,3,532
19183.2,80.0,3,532
19195.4,80.0,3,532
19205.9,80.0,3,532
19216.0,80.0,3,532
19226.0,80.0,3,532
19236.1,100.0,5,527
19246.2,100.0,5,527
19256.3,100.0,5,527
19267.0,100.0,5,527
19277.1,100.0,5,527
19287.2,100.0,5,527
19297.7,100.0,5,527
19307.7,100.0,5,527
19317.8,100.0,5,527
19327.9,100.0,5,527
19337.9,100.0,5,527
19348.0,100.0,5,527
19358.1,100.0,5,527
19368.2,100.0,5,527
19378.2,100.0,5,527
19388.3,100.0,5,527
19398.4,100.0,5,527
19408.5,100.0,5,527
19418.7,100.0,5,527
19428.7,85.0,6,521
19438.8,85.0,6,521
19448.9,85.0,6,521
19459.0,85.0,6,521
19469.1,85.0,6,521
19479.1,85.0,6,521
19489.2,85.0,6,521
19499.3,85.0,6,521
19509.4,85.0,6,521
19519.4,85.0,6,521
19529.5,85.0,6,521
19539.6,85.0,6,521
19549.7,85.0,6,521
19559.8,85.0,6,521
19569.8,85.0,6,521
19579.9,85.0,6,521
19590.0,85.0,6,521
19600.1,85.0,6,521
19610.1,85.0,6,521
19620.2,85.0,6,521
19630.3,100.0,5,516
19640.4,100.0,5,516
19650.5,100.0,5,516
19660.6,100.0,5,516
19670.7,100.0,5,516
19680.7,100.0,5,516
19690.8,100.0,5,516
19700.9,100.0,5,516
19710.9,100.0,5,516
19721.0,100.0,5,516
19731.1,100.0,5,516
19741.2,100.0,5,516
19751.3,100.0,5,516
19761.4,100.0,5,516
19771.5,100.0,5,516
19781.8,100.0,5,516
19791.9,100.0,5,516
19802.0,100.0,5,516
19812.0,100.0,5,516
19822.1,100.0,5,516
19832.1,100.0,5,511
19842.2,100.0,5,511
19852.3,100.0,5,511
19862.4,100.0,5,511
19872.5,100.0,5,511
19882.6,100.0,5,511
19892.7,100.0,5,511
19902.8,100.0,5,511
19912.9,100.0,5,511
19923.0,100.0,5,511
19933.1,100.0,5,511
19943.2,100.0,5,511
19953.3,100.0,5,511
19963.4,100.0,5,511
19973.5,100.0,5,511
19983.5,100.0,5,511
19993.6,100.0,5,511
20003.7,100.0,5,511
20013.8,100.0,5,511
20023.9,100.0,5,511
20034.0,75.0,5,506
20044.1,75.0,5,506
20054.2,75.0,5,506
20064.3,75.0,5,506
20074.4,75.0,5,506
20084.5,75.0,5,506
20094.6,75.0,5,506
20104.6,75.0,5,506
20114.7,75.0,5,506
20124.8,75.0,5,506
20134.9,75.0,5,506
20145.0,75.0,5,506
20155.1,75.0,5,506
20165.2,75.0,5,506
20175.3,75.0,5,506
20185.4,75.0,5,506
20195.5,75.0,5,506
20205.5,75.0,5,506
20215.6,75.0,5,506
20225.7,75.0,5,506
20235.8,75.0,5,501
20245.9,75.0,5,501
20256.0,75.0,5,501
20266.1,75.0,5,501
20276.2,75.0,5,501
20286.3,75.0,5,501
20296.4,75.0,5,501
20306.5,75.0,5,501
20316.5,75.0,5,501
20326.6,75.0,5,501
20336.7,75.0,5,501
20346.8,75.0,5,501
20356.9,75.0,5,501
20367.0,75.0,5,501
20377.1,75.0,5,501
20387.2,75.0,5,501
20397.2,75.0,5,501
20407.3,75.0,5,501
20417.4,75.0,5,501
20427.5,75.0,5,501
20437.6,100.0,5,496
20447.7,100.0,5,496
20457.8,100.0,5,496
20467.9,100.0,5,496
20478.0,100.0,5,496
20488.0,100.0,5,496
20498.1,100.0,5,496
20508.2,100.0,5,496
20518.3,100.0,5,496
20528.4,100.0,5,496
20538.4,100.0,5,496
20548.5,100.0,5,496
20558.6,100.0,5,496
20568.6,100.0,5,496
20578.7,100.0,5,496
20588.8,100.0,5,496
20598.9,100.0,5,496
20609.0,100.0,5,496
20619.1,100.0,5,496
20629.1,100.0,5,491
20639.2,100.0,5,491
20649.3,100.0,5,491
20659.4,100.0,5,491
20669.5,100.0,5,491
20679.6,100.0,5,491
20689.7,100.0,5,491
20699.7,100.0,5,491
20709.8,100.0,5,491
20719.9,100.0,5,491
20729.9,100.0,5,491
20740.0,100.0,5,491
20750.1,100.0,5,491
20760.2,100.0,5,491
20770.3,100.0,5,491
20780.4,100.0,5,491
20790.5,100.0,5,491
20800.6,100.0,5,491
20810.6,100.0,5,491
20820.7,100.0,5,491
20830.8,75.0,5,486
20840.8,75.0,5,486
20850.9,75.0,5,486
20861.0,75.0,5,486
20871.1,75.0,5,486
20881.2,75.0,5,486
20891.3,75.0,5,486
20901.3,75.0,5,486
20911.4,75.0,5,486
20921.5,75.0,5,486
20931.6,75.0,5,486
20941.7,75.0,5,486
20951.8,75.0,5,486
20961.9,75.0,5,486
20972.0,75.0,5,486
20982.1,75.0,5,486
20992.1,75.0,5,486
21002.2,75.0,5,486
21012.3,75.0,5,486
21022.4,75.0,5,486
21032.5,85.0,6,480
21042.6,85.0,6,480
21052.7,85.0,6,480
21062.7,85.0,6,480
21073.0,85.0,6,480
21083.1,85.0,6,480
21093.3,85.0,6,480
21103.4,85.0,6,480
21113.4,85.0,6,480
21123.5,85.0,6,480
21133.6,85.0,6,480
21143.7,85.0,6,480
21153.7,85.0,6,480
21163.8,85.0,6,480
21173.9,85.0,6,480
21184.0,85.0,6,480
21194.1,85.0,6,480
21204.1,85.0,6,480
21214.2,85.0,6,480
21224.3,85.0,6,480
21234.4,100.0,5,475
21244.5,100.0,5,475
21254.7,100.0,5,475
21264.8,100.0,5,475
21274.9,100.0,5,475
21285.0,100.0,5,475
21295.0,100.0,5,475
21305.3,100.0,5,475
21315.3,100.0,5,475
21325.4,100.0,5,475
21335.5,100.0,5,475
21345.5,100.0,5,475
21355.6,100.0,5,475
21365.7,100.0,5,475
21375.8,100.0,5,475
21385.9,100.0,5,475
21396.0,100.0,5,475
21406.1,100.0,5,475
21416.2,100.0,5,475
21426.2,100.0,5,475
21436.3,100.0,5,470
21446.4,100.0,5,470
21456.5,100.0,5,470
21466.6,100.0,5,470
21476.7,100.0,5,470
21486.8,100.0,5,470
21496.9,100.0,5,470
21507.0,100.0,5,470
21517.1,100.0,5,470
21527.2,100.0,5,470
21537.2,100.0,5,470
21547.4,100.0,5,470
21557.5,100.0,5,470
21567.6,100.0,5,470
21577.7,100.0,5,470
21587.8,100.0,5,470
21597.8,100.0,5,470
21607.9,100.0,5,470
21618.0,100.0,5,470
21628.1,100.0,5,470
21638.2,90.0,4,466
21648.3,90.0,4,466
21658.4,90.0,4,466
21668.5,90.0,4,466
21678.6,90.0,4,466
21688.7,90.0,4,466
21698.8,90.0,4,466
21708.9,90.0,4,466
21718.9,90.0,4,466
21729.0,90.0,4,466
21739.1,90.0,4,466
21749.6,90.0,4,466
21759.7,90.0,4,466
21769.7,90.0,4,466
21779.9,90.0,4,466
21790.0,90.0,4,466
21800.0,90.0,4,466
21810.2,90.0,4,466
21820.2,90.0,4,466
21830.3,80.0,3,463
21840.4,80.0,3,463
21850.5,80.0,3,463
21860.6,80.0,3,463
21870.7,80.0,3,463
21880.8,80.0,3,463
21890.9,80.0,3,463
21901.0,80.0,3,463
21911.6,80.0,3,463
21921.7,80.0,3,463
21931.8,80.0,3,463
21941.9,80.0,3,463
21952.0,80.0,3,463
21962.1,80.0,3,463
21972.2,80.0,3,463
21982.3,80.0,3,463
21992.4,80.0,3,463
22002.5,80.0,3,463
22012.5,80.0,3,463
22022.6,80.0,3,463
22032.7,80.0,3,460
22042.8,80.0,3,460
22052.9,80.0,3,460
22063.0,80.0,3,460
22073.1,80.0,3,460
22083.2,80.0,3,460
22093.2,80.0,3,460
22103.3,80.0,3,460
22113.5,80.0,3,460
22123.6,80.0,3,460
22133.7,80.0,3,460
22143.8,80.0,3,460
22153.9,80.0,3,460
22164.0,80.0,3,460
22174.1,80.0,3,460
22184.2,80.0,3,460
22194.3,80.0,3,460
22204.3,80.0,3,460
22214.4,80.0,3,460
22224.5,80.0,3,460
22234.6,70.0,2,458
22244.7,70.0,2,458
22254.8,70.0,2,458
22264.9,70.0,2,458
22275.0,70.0,2,458
22285.0,70.0,2,458
22295.1,70.0,2,458
22305.2,70.0,2,458
22315.3,70.0,2,458
22325.4,70.0,2,458
22335.4,70.0,2,458
22345.5,70.0,2,458
22355.6,70.0,2,458
22365.7,70.0,2,458
22375.8,70.0,2,458
22385.9,70.0,2,458
22396.0,70.0,2,458
22406.0,70.0,2,458
22416.1,70.0,2,458
22426.2,70.0,2,458
22436.3,90.0,4,454
22446.4,90.0,4,454
22456.5,90.0,4,454
22466.5,90.0,4,454
22476.6,90.0,4,454
22486.7,90.0,4,454
22496.8,90.0,4,454
22506.9,90.0,4,454
22516.9,90.0,4,454
22527.0,90.0,4,454
22537.1,90.0,4,454
22547.2,90.0,4,454
22557.2,90.0,4,454
22567.3,90.0,4,454
22577.4,90.0,4,454
22587.5,90.0,4,454
22597.6,90.0,4,454
22607.7,90.0,4,454
22617.7,90.0,4,454
22627.8,90.0,4,454
22637.9,95.0,7,447
22648.0,95.0,7,447
22658.0,95.0,7,447
22668.1,95.0,7,447
22678.2,95.0,7,447
22688.2,95.0,7,447
22698.3,95.0,7,447
22708.4,95.0,7,447
22718.5,95.0,7,447
22728.5,95.0,7,447
22738.6,95.0,7,447
22748.7,95.0,7,447
22758.8,95.0,7,447
22768.9,95.0,7,447
22778.9,95.0,7,447
22789.0,95.0,7,447
22799.1,95.0,7,447
22809.2,95.0,7,447
22819.2,95.0,7,447
22829.3,95.0,7,447
22839.4,70.0,7,440
22849.5,70.0,7,440
22859.6,70.0,7,440
22869.7,70.0,7,440
22879.8,70.0,7,440
22889.9,70.0,7,440
22899.9,70.0,7,440
22910.0,70.0,7,440
22920.1,70.0,7,440
22930.2,70.0,7,440
22940.3,70.0,7,440
22950.4,70.0,7,440
22960.4,70.0,7,440
22970.5,70.0,7,440
22980.6,70.0,7,440
22990.7,70.0,7,440
23000.8,70.0,7,440
23010.8,70.0,7,440
23020.9,70.0,7,440
23031.0,80.0,3,437
23041.1,80.0,3,437
23062.5,80.0,3,437
23072.6,80.0,3,437
23082.7,80.0,3,437
23092.8,80.0,3,437
23102.9,80.0,3,437
23113.0,80.0,3,437
23123.5,80.0,3,437
23133.6,80.0,3,437
23143.7,80.0,3,437
23153.8,80.0,3,437
23164.2,80.0,3,437
23174.2,80.0,3,437
23184.3,80.0,3,437
23194.4,80.0,3,437
23204.5,80.0,3,437
23214.6,80.0,3,437
23224.6,80.0,3,437
23234.7,100.0,5,432
23244.8,100.0,5,432
23254.9,100.0,5,432
23265.0,100.0,5,432
23275.0,100.0,5,432
23285.1,100.0,5,432
23295.2,100.0,5,432
23305.3,100.0,5,432
23315.4,100.0,5,432
23325.4,100.0,5,432
23335.5,100.0,5,432
23345.6,100.0,5,432
23355.7,100.0,5,432
23365.8,100.0,5,432
23375.9,100.0,5,432
23386.0,100.0,5,432
23396.1,100.0,5,432
23406.2,100.0,5,432
23416.2,100.0,5,432
23426.3,100.0,5,432
23436.4,100.0,5,427
23446.5,100.0,5,427
23456.5,100.0,5,427
23466.6,100.0,5,427
23476.7,100.0,5,427
23486.8,100.0,5,427
23496.9,100.0,5,427
23506.9,100.0,5,427
23517.0,100.0,5,427
23527.1,100.0,5,427
23537.2,100.0,5,427
23547.3,100.0,5,427
23557.4,100.0,5,427
23567.5,100.0,5,427
23577.6,100.0,5,427
23587.6,100.0,5,427
23597.7,100.0,5,427
23607.8,100.0,5,427
23617.9,100.0,5,427
23628.0,100.0,5,427
23638.1,80.0,8,419
23648.2,80.0,8,419
23658.2,80.0,8,419
23668.3,80.0,8,419
23678.4,80.0,8,419
23688.5,80.0,8,419
23699.6,80.0,8,419
23709.7,80.0,8,419
23719.8,80.0,8,419
23729.9,80.0,8,419
23739.9,80.0,8,419
23750.0,80.0,8,419
23760.0,80.0,8,419
23770.1,80.0,8,419
23780.2,80.0,8,419
23790.3,80.0,8,419
23800.4,80.0,8,419
23810.5,80.0,8,419
23820.5,80.0,8,419
23830.6,80.0,8,419
23840.7,75.0,5,414
23850.8,75.0,5,414
23860.9,75.0,5,414
23871.0,75.0,5,414
23881.0,75.0,5,414
23891.1,75.0,5,414
23901.2,75.0,5,414
23911.3,75.0,5,414
23921.4,75.0,5,414
23931.4,75.0,5,414
23941.5,75.0,5,414
23951.6,75.0,5,414
23961.7,75.0,5,414
23971.8,75.0,5,414
23981.9,75.0,5,414
23992.0,75.0,5,414
24002.0,75.0,5,414
24012.1,75.0,5,414
24022.2,75.0,5,414
24032.3,80.0,3,411
24042.4,80.0,3,411
24052.5,80.0,3,411
24062.6,80.0,3,411
24072.7,80.0,3,411
24082.8,80.0,3,411
24092.8,80.0,3,411
24102.9,80.0,3,411
24113.0,80.0,3,411
24123.1,80.0,3,411
24133.1,80.0,3,411
24143.2,80.0,3,411
24153.3,80.0,3,411
24163.4,80.0,3,411
24173.4,80.0,3,411
24183.5,80.0,3,411
24193.6,80.0,3,411
24203.7,80.0,3,411
24214.2,80.0,3,411
24224.3,80.0,3,411
24234.4,90.0,4,407
24244.4,90.0,4,407
24256.4,90.0,4,407
24266.5,90.0,4,407
24276.5,90.0,4,407
24286.6,90.0,4,407
24296.7,90.0,4,407
24306.8,90.0,4,407
24316.9,90.0,4,407
24327.0,90.0,4,407
24337.1,90.0,4,407
24347.1,90.0,4,407
24357.2,90.0,4,407
24367.3,90.0,4,407
24377.4,90.0,4,407
24387.5,90.0,4,407
24397.6,90.0,4,407
24407.6,90.0,4,407
24417.7,90.0,4,407
24427.8,90.0,4,407
24437.9,95.0,7,400
24447.9,95.0,7,400
24458.0,95.0,7,400
24468.1,95.0,7,400
24478.1,95.0,7,400
24488.2,95.0,7,400
24498.3,95.0,7,400
24508.4,95.0,7,400
24518.4,95.0,7,400
24528.5,95.0,7,400
24538.7,95.0,7,400
24548.8,95.0,7,400
24558.8,95.0,7,400
24568.9,95.0,7,400
24579.0,95.0,7,400
24589.1,95.0,7,400
24599.1,95.0,7,400
24609.2,95.0,7,400
24619.3,95.0,7,400
24629.4,95.0,7,400
24639.5,100.0,5,395
24649.5,100.0,5,395
24659.6,100.0,5,395
24669.7,100.0,5,395
24679.8,100.0,5,395
24689.9,100.0,5,395
24699.9,100.0,5,395
24710.0,100.0,5,395
24720.1,100.0,5,395
24730.1,100.0,5,395
24740.2,100.0,5,395
24750.3,100.0,5,395
24760.4,100.0,5,395
24770.4,100.0,5,395
24780.5,100.0,5,395
24790.6,100.0,5,395
24800.7,100.0,5,395
24810.7,100.0,5,395
24820.8,100.0,5,395
24830.9,100.0,5,395
24841.0,90.0,4,391
24851.0,90.0,4,391
24861.1,90.0,4,391
24871.2,90.0,4,391
24881.3,90.0,4,391
24891.4,90.0,4,391
24901.4,90.0,4,391
24911.5,90.0,4,391
24921.6,90.0,4,391
24931.6,90.0,4,391
24941.7,90.0,4,391
24951.8,90.0,4,391
24961.9,90.0,4,391
24972.0,90.0,4,391
24982.0,90.0,4,391
24992.1,90.0,4,391
25002.2,90.0,4,391
25012.3,90.0,4,391
25022.3,90.0,4,391
25032.5,80.0,3,388
25042.6,80.0,3,388
25052.6,80.0,3,388
25062.7,80.0,3,388
25072.8,80.0,3,388
25082.9,80.0,3,388
25093.0,80.0,3,388
25103.1,80.0,3,388
25113.2,80.0,3,388
25123.2,80.0,3,388
25133.3,80.0,3,388
25143.4,80.0,3,388
25153.6,80.0,3,388
25163.7,80.0,3,388
25173.7,80.0,3,388
25185.4,80.0,3,388
25195.4,80.0,3,388
25205.5,80.0,3,388
25215.6,80.0,3,388
25225.6,80.0,3,388
25235.7,80.0,3,385
25246.5,80.0,3,385
25256.6,80.0,3,385
25266.7,80.0,3,385
25276.8,80.0,3,385
25286.8,80.0,3,385
25296.9,80.0,3,385
25307.0,80.0,3,385
25317.1,80.0,3,385
25327.1,80.0,3,385
25337.2,80.0,3,385
25347.3,80.0,3,385
25357.4,80.0,3,385
25367.4,80.0,3,385
25377.5,80.0,3,385
25387.6,80.0,3,385
25397.7,80.0,3,385
25407.7,80.0,3,385
25417.8,80.0,3,385
25427.9,80.0,3,385
25438.0,100.0,5,380
25448.1,100.0,5,380
25458.2,100.0,5,380
25468.3,100.0,5,380
25478.3,100.0,5,380
25488.4,100.0,5,380
25498.5,100.0,5,380
25508.6,100.0,5,380
25518.7,100.0,5,380
25528.7,100.0,5,380
25539.5,100.0,5,380
25549.6,100.0,5,380
25559.6,100.0,5,380
25569.7,100.0,5,380
25579.8,100.0,5,380
25589.9,100.0,5,380
25599.9,100.0,5,380
25610.0,100.0,5,380
25620.1,100.0,5,380
25630.2,100.0,5,380
25640.2,75.0,5,375
25650.3,75.0,5,375
25660.4,75.0,5,375
25670.5,75.0,5,375
25680.8,75.0,5,375
25690.9,75.0,5,375
25701.0,75.0,5,375
25711.0,75.0,5,375
25721.1,75.0,5,375
25731.2,75.0,5,375
25741.3,75.0,5,375
25751.4,75.0,5,375
25761.5,75.0,5,375
25771.6,75.0,5,375
25781.7,75.0,5,375
25791.7,75.0,5,375
25801.8,75.0,5,375
25811.9,75.0,5,375
25822.0,75.0,5,375
25832.1,75.0,5,375
25842.2,100.0,5,370
25852.3,100.0,5,370
25862.4,100.0,5,370
25872.5,100.0,5,370
25882.5,100.0,5,370
25892.6,100.0,5,370
25902.7,100.0,5,370
25912.8,100.0,5,370
25922.9,100.0,5,370
25933.0,100.0,5,370
25943.0,100.0,5,370
25953.1,100.0,5,370
25963.2,100.0,5,370
25973.3,100.0,5,370
25983.3,100.0,5,370
25993.4,100.0,5,370
26003.5,100.0,5,370
26013.6,100.0,5,370
26023.6,100.0,5,370
26033.7,95.0,7,363
26043.8,95.0,7,363
26053.9,95.0,7,363
26064.0,95.0,7,363
26074.0,95.0,7,363
26084.1,95.0,7,363
26094.2,95.0,7,363
26104.3,95.0,7,363
26114.5,95.0,7,363
26124.5,95.0,7,363
26134.6,95.0,7,363
26144.7,95.0,7,363
26154.8,95.0,7,363
26164.9,95.0,7,363
26175.0,95.0,7,363
26185.0,95.0,7,363
26195.1,95.0,7,363
26205.2,95.0,7,363
26215.3,95.0,7,363
26225.3,95.0,7,363
26235.4,70.0,7,356
26245.5,70.0,7,356
26255.6,70.0,7,356
26265.7,70.0,7,356
26275.8,70.0,7,356
26285.9,70.0,7,356
26295.9,70.0,7,356
26306.0,70.0,7,356
26316.1,70.0,7,356
26326.2,70.0,7,356
26336.3,70.0,7,356
26346.3,70.0,7,356
26356.4,70.0,7,356
26366.5,70.0,7,356
26376.6,70.0,7,356
26386.6,70.0,7,356
26396.7,70.0,7,356
26406.8,70.0,7,356
26416.9,70.0,7,356
26427.0,70.0,7,356
26437.0,100.0,5,351
26447.1,100.0,5,351
26457.2,100.0,5,351
26467.3,100.0,5,351
26477.3,100.0,5,351
26487.4,100.0,5,351
26497.5,100.0,5,351
26507.6,100.0,5,351
26517.7,100.0,5,351
26527.7,100.0,5,351
26537.8,100.0,5,351
26547.9,100.0,5,351
26558.0,100.0,5,351
26568.0,100.0,5,351
26578.1,100.0,5,351
26588.2,100.0,5,351
26598.3,100.0,5,351
26608.4,100.0,5,351
26618.5,100.0,5,351
26628.5,100.0,5,351
26638.6,80.0,8,343
26648.7,80.0,8,343
26658.7,80.0,8,343
26668.8,80.0,8,343
26678.9,80.0,8,343
26689.0,80.0,8,343
26699.0,80.0,8,343
26709.1,80.0,8,343
26719.2,80.0,8,343
26729.3,80.0,8,343
26739.3,80.0,8,343
26749.4,80.0,8,343
26759.6,80.0,8,343
26769.7,80.0,8,343
26779.8,80.0,8,343
26789.9,80.0,8,343
26800.0,80.0,8,343
26810.1,80.0,8,343
26820.2,80.0,8,343
26830.3,80.0,8,343
26840.3,95.0,7,336
26850.4,95.0,7,336
26860.5,95.0,7,336
26870.6,95.0,7,336
26880.7,95.0,7,336
26890.7,95.0,7,336
26900.8,95.0,7,336
26910.9,95.0,7,336
26921.0,95.0,7,336
26931.0,95.0,7,336
26941.1,95.0,7,336
26951.2,95.0,7,336
26961.3,95.0,7,336
26971.3,95.0,7,336
26981.4,95.0,7,336
26991.5,95.0,7,336
27001.6,95.0,7,336
27011.7,95.0,7,336
27021.8,95.0,7,336
27031.8,95.0,7,336
27041.9,80.0,3,333
27052.0,80.0,3,333
27062.1,80.0,3,333
27072.1,80.0,3,333
27082.2,80.0,3,333
27092.3,80.0,3,333
27102.4,80.0,3,333
27112.4,80.0,3,333
27122.5,80.0,3,333
27132.6,80.0,3,333
27142.7,80.0,3,333
27152.7,80.0,3,333
27162.8,80.0,3,333
27172.9,80.0,3,333
27183.0,80.0,3,333
27193.0,80.0,3,333
27203.1,80.0,3,333
27213.2,80.0,3,333
27223.3,80.0,3,333
27233.3,80.0,3,333
27243.5,95.0,7,326
27258.4,95.0,7,326
27268.5,95.0,7,326
27279.1,95.0,7,326
27289.2,95.0,7,326
27299.3,95.0,7,326
27309.4,95.0,7,326
27319.5,95.0,7,326
27329.5,95.0,7,326
27339.6,95.0,7,326
27349.9,95.0,7,326
27360.0,95.0,7,326
27370.0,95.0,7,326
27380.1,95.0,7,326
27390.2,95.0,7,326
27400.3,95.0,7,326
27410.4,95.0,7,326
27420.4,95.0,7,326
27430.5,95.0,7,326
27440.6,75.0,5,321
27450.7,75.0,5,321
27460.7,75.0,5,321
27470.8,75.0,5,321
27480.9,75.0,5,321
27491.0,75.0,5,321
27501.0,75.0,5,321
27511.1,75.0,5,321
27521.2,75.0,5,321
27531.2,75.0,5,321
27541.3,75.0,5,321
27551.4,75.0,5,321
27561.5,75.0,5,321
27571.5,75.0,5,321
27581.6,75.0,5,321
27591.7,75.0,5,321
27601.8,75.0,5,321
27611.9,75.0,5,321
27621.9,75.0,5,321
27632.0,75.0,5,321
27642.1,100.0,5,316
27652.1,100.0,5,316
27662.2,100.0,5,316
27672.3,100.0,5,316
27682.4,100.0,5,316
27692.5,100.0,5,316
27702.5,100.0,5,316
27712.6,100.0,5,316
27722.7,100.0,5,316
27732.7,100.0,5,316
27742.8,100.0,5,316
27752.9,100.0,5,316
27763.0,100.0,5,316
27773.1,100.0,5,316
27783.1,100.0,5,316
27794.2,100.0,5,316
27804.3,100.0,5,316
27814.4,100.0,5,316
27824.4,100.0,5,316
27834.5,100.0,5,316
27844.6,90.0,4,312
27854.7,90.0,4,312
27864.8,90.0,4,312
27874.9,90.0,4,312
27885.0,90.0,4,312
27895.1,90.0,4,312
27905.1,90.0,4,312
27915.2,90.0,4,312
27925.3,90.0,4,312
27935.3,90.0,4,312
27945.4,90.0,4,312
27955.5,90.0,4,312
27965.6,90.0,4,312
27975.7,90.0,4,312
27985.8,90.0,4,312
27995.9,90.0,4,312
28006.0,90.0,4,312
28016.1,90.0,4,312
28026.1,90.0,4,312
28036.2,100.0,5,307
28046.3,100.0,5,307
28056.4,100.0,5,307
28067.6,100.0,5,307
28077.7,100.0,5,307
28087.8,100.0,5,307
28097.9,100.0,5,307
28107.9,100.0,5,307
28118.0,100.0,5,307
28128.1,100.0,5,307
28138.2,100.0,5,307
28148.2,100.0,5,307
28158.3,100.0,5,307
28168.5,100.0,5,307
28178.6,100.0,5,307
28188.6,100.0,5,307
28198.7,100.0,5,307
28208.8,100.0,5,307
28218.9,100.0,5,307
28228.9,100.0,5,307
28239.0,85.0,6,301
28249.1,85.0,6,301
28259.2,85.0,6,301
28269.2,85.0,6,301
28279.3,85.0,6,301
28289.4,85.0,6,301
28299.5,85.0,6,301
28309.5,85.0,6,301
28319.6,85.0,6,301
28329.7,85.0,6,301
28339.8,85.0,6,301
28349.8,85.0,6,301
28359.9,85.0,6,301
28370.0,85.0,6,301
28380.1,85.0,6,301
28390.2,85.0,6,301
28400.2,85.0,6,301
28410.3,85.0,6,301
28420.4,85.0,6,301
28430.5,85.0,6,301
28440.5,75.0,5,296
28450.6,75.0,5,296
28460.7,75.0,5,296
28470.8,75.0,5,296
28480.8,75.0,5,296
28490.9,75.0,5,296
28501.0,75.0,5,296
28511.1,75.0,5,296
28521.2,75.0,5,296
28531.2,75.0,5,296
28541.3,75.0,5,296
28551.4,75.0,5,296
28561.4,75.0,5,296
28571.5,75.0,5,296
28581.6,75.0,5,296
28591.7,75.0,5,296
28601.8,75.0,5,296
28611.8,75.0,5,296
28621.9,75.0,5,296
28632.0,75.0,5,296
28642.1,100.0,5,291
28652.1,100.0,5,291
28662.2,100.0,5,291
28672.3,100.0,5,291
28682.3,100.0,5,291
28692.4,100.0,5,291
28702.5,100.0,5,291
28712.6,100.0,5,291
28722.7,100.0,5,291
28733.2,100.0,5,291
28743.3,100.0,5,291
28753.4,100.0,5,291
28763.5,100.0,5,291
28773.5,100.0,5,291
28783.6,100.0,5,291
28793.7,100.0,5,291
28803.8,100.0,5,291
28813.9,100.0,5,291
28823.9,100.0,5,291
28834.0,100.0,5,291
28844.1,85.0,6,285
28854.2,85.0,6,285
28864.3,85.0,6,285
28874.4,85.0,6,285
28884.4,85.0,6,285
28894.5,85.0,6,285
28904.6,85.0,6,285
28914.7,85.0,6,285
28924.7,85.0,6,285
28934.8,85.0,6,285
28944.9,85.0,6,285
28955.0,85.0,6,285
28965.1,85.0,6,285
28975.1,85.0,6,285
28985.2,85.0,6,285
28995.3,85.0,6,285
29005.4,85.0,6,285
29015.4,85.0,6,285
29025.5,85.0,6,285
29035.6,85.0,6,285
29045.7,95.0,7,278
29055.8,95.0,7,278
29065.8,95.0,7,278
29075.9,95.0,7,278
29086.0,95.0,7,278
29096.1,95.0,7,278
29106.2,95.0,7,278
29116.3,95.0,7,278
29126.4,95.0,7,278
29136.4,95.0,7,278
29146.5,95.0,7,278
29156.6,95.0,7,278
29166.7,95.0,7,278
29176.8,95.0,7,278
29186.9,95.0,7,278
29196.9,95.0,7,278
29207.0,95.0,7,278
29217.1,95.0,7,278
29227.2,95.0,7,278
29237.3,100.0,5,273
29247.4,100.0,5,273
29257.6,100.0,5,273
29267.7,100.0,5,273
29277.7,100.0,5,273
29288.1,100.0,5,273
29298.1,100.0,5,273
29308.2,100.0,5,273
29318.3,100.0,5,273
29328.4,100.0,5,273
29340.3,100.0,5,273
29350.4,100.0,5,273
29360.4,100.0,5,273
29370.5,100.0,5,273
29380.6,100.0,5,273
29390.6,100.0,5,273
29401.6,100.0,5,273
29411.7,100.0,5,273
29421.8,100.0,5,273
29431.8,100.0,5,273
29442.7,95.0,7,266
29452.8,95.0,7,266
29462.8,95.0,7,266
29472.9,95.0,7,266
29483.0,95.0,7,266
29494.1,95.0,7,266
29504.2,95.0,7,266
29514.3,95.0,7,266
29524.4,95.0,7,266
29534.4,95.0,7,266
29544.5,95.0,7,266
29554.6,95.0,7,266
29564.6,95.0,7,266
29574.7,95.0,7,266
29584.8,95.0,7,266
29594.9,95.0,7,266
29605.0,95.0,7,266
29615.0,95.0,7,266
29625.1,95.0,7,266
29635.2,95.0,7,266
29645.3,75.0,5,261
29655.3,75.0,5,261
29665.4,75.0,5,261
29675.5,75.0,5,261
29685.6,75.0,5,261
29695.7,75.0,5,261
29705.9,75.0,5,261
29716.0,75.0,5,261
29726.1,75.0,5,261
29736.1,75.0,5,261
29746.2,75.0,5,261
29756.3,75.0,5,261
29766.4,75.0,5,261
29776.4,75.0,5,261
29786.5,75.0,5,261
29796.6,75.0,5,261
29806.7,75.0,5,261
29816.8,75.0,5,261
29826.8,75.0,5,261
29836.9,75.0,5,261
29847.0,75.0,5,256
29857.1,75.0,5,256
29867.1,75.0,5,256
29877.2,75.0,5,256
29887.3,75.0,5,256
29897.4,75.0,5,256
29907.4,75.0,5,256
29918.2,75.0,5,256
29928.3,75.0,5,256
29938.4,75.0,5,256
29948.5,75.0,5,256
29958.5,75.0,5,256
29968.6,75.0,5,256
29978.7,75.0,5,256
29988.8,75.0,5,256
29998.9,75.0,5,256
30008.9,75.0,5,256
30019.0,75.0,5,256
30029.1,75.0,5,256
30039.2,100.0,5,251
30049.3,100.0,5,251
30059.4,100.0,5,251
30069.5,100.0,5,251
30079.6,100.0,5,251
30089.6,100.0,5,251
30099.7,100.0,5,251
30109.8,100.0,5,251
30119.9,100.0,5,251
30130.0,100.0,5,251
30140.1,100.0,5,251
30150.2,100.0,5,251
30160.2,100.0,5,251
30170.3,100.0,5,251
30180.4,100.0,5,251
30190.5,100.0,5,251
30200.5,100.0,5,251
30210.6,100.0,5,251
30220.7,100.0,5,251
30230.8,100.0,5,251
30240.8,100.0,5,246
30250.9,100.0,5,246
30261.0,100.0,5,246
30271.1,100.0,5,246
30281.2,100.0,5,246
30291.3,100.0,5,246
30301.4,100.0,5,246
30311.4,100.0,5,246
30321.5,100.0,5,246
30331.6,100.0,5,246
30341.7,100.0,5,246
30351.8,100.0,5,246
30361.9,100.0,5,246
30372.0,100.0,5,246
30382.1,100.0,5,246
30392.1,100.0,5,246
30402.2,100.0,5,246
30412.3,100.0,5,246
30422.4,100.0,5,246
30432.5,100.0,5,246
30442.6,95.0,7,239
30452.7,95.0,7,239
30462.8,95.0,7,239
30472.9,95.0,7,239
30483.0,95.0,7,239
30493.1,95.0,7,239
30503.2,95.0,7,239
30513.3,95.0,7,239
30523.3,95.0,7,239
30533.4,95.0,7,239
30543.5,95.0,7,239
30553.6,95.0,7,239
30563.7,95.0,7,239
30573.8,95.0,7,239
30583.9,95.0,7,239
30593.9,95.0,7,239
30604.0,95.0,7,239
30614.1,95.0,7,239
30624.1,95.0,7,239
30634.2,95.0,7,239
30644.3,85.0,6,233
30654.4,85.0,6,233
30664.5,85.0,6,233
30674.6,85.0,6,233
30684.6,85.0,6,233
30694.7,85.0,6,233
30704.8,85.0,6,233
30714.9,85.0,6,233
30725.0,85.0,6,233
30735.0,85.0,6,233
30745.1,85.0,6,233
30755.2,85.0,6,233
30765.3,85.0,6,233
30775.3,85.0,6,233
30785.4,85.0,6,233
30795.5,85.0,6,233
30805.6,85.0,6,233
30815.6,85.0,6,233
30825.7,85.0,6,233
30835.8,85.0,6,233
30845.9,80.0,3,230
30855.9,80.0,3,230
30866.0,80.0,3,230
30876.1,80.0,3,230
30886.1,80.0,3,230
30896.2,80.0,3,230
30906.3,80.0,3,230
30916.4,80.0,3,230
30926.5,80.0,3,230
30936.5,80.0,3,230
30946.6,80.0,3,230
30956.7,80.0,3,230
30966.8,80.0,3,230
30976.9,80.0,3,230
30987.0,80.0,3,230
30997.1,80.0,3,230
31007.1,80.0,3,230
31017.2,80.0,3,230
31027.3,80.0,3,230
31037.4,80.0,3,230
31047.4,100.0,5,225
31057.5,100.0,5,225
31067.6,100.0,5,225
31077.7,100.0,5,225
31087.8,100.0,5,225
31097.8,100.0,5,225
31107.9,100.0,5,225
31118.0,100.0,5,225
31128.1,100.0,5,225
31138.2,100.0,5,225
31148.3,100.0,5,225
31158.4,100.0,5,225
31168.4,100.0,5,225
31178.5,100.0,5,225
31188.6,100.0,5,225
31198.7,100.0,5,225
31208.7,100.0,5,225
31218.8,100.0,5,225
31228.9,100.0,5,225
31239.0,75.0,5,220
31249.1,75.0,5,220
31259.2,75.0,5,220
31269.3,75.0,5,220
31279.4,75.0,5,220
31289.4,75.0,5,220
31299.5,75.0,5,220
31309.6,75.0,5,220
31319.9,75.0,5,220
31330.0,75.0,5,220
31340.1,75.0,5,220
31350.2,75.0,5,220
31360.2,75.0,5,220
31370.8,75.0,5,220
31382.6,75.0,5,220
31392.7,75.0,5,220
31406.7,75.0,5,220
31416.7,75.0,5,220
31426.8,75.0,5,220
31436.9,75.0,5,220
31446.9,75.0,5,215
31457.0,75.0,5,215
31467.1,75.0,5,215
31477.2,75.0,5,215
31487.2,75.0,5,215
31497.3,75.0,5,215
31507.4,75.0,5,215
31517.5,75.0,5,215
31527.6,75.0,5,215
31537.7,75.0,5,215
31547.8,75.0,5,215
31557.9,75.0,5,215
31568.0,75.0,5,215
31578.0,75.0,5,215
31588.1,75.0,5,215
31598.2,75.0,5,215
31608.3,75.0,5,215
31618.3,75.0,5,215
31628.4,75.0,5,215
31638.5,75.0,5,215
31648.5,100.0,5,210
31658.6,100.0,5,210
31668.7,100.0,5,210
31678.7,100.0,5,210
31688.8,100.0,5,210
31698.9,100.0,5,210
31709.0,100.0,5,210
31719.1,100.0,5,210
31729.1,100.0,5,210
31739.2,100.0,5,210
31749.3,100.0,5,210
31759.4,100.0,5,210
31769.5,100.0,5,210
31779.5,100.0,5,210
31789.6,100.0,5,210
31799.7,100.0,5,210
31809.8,100.0,5,210
31819.9,100.0,5,210
31830.0,100.0,5,210
31840.1,100.0,5,205
31850.2,100.0,5,205
31860.2,100.0,5,205
31870.3,100.0,5,205
31880.4,100.0,5,205
31890.5,100.0,5,205
31900.6,100.0,5,205
31910.6,100.0,5,205
31920.7,100.0,5,205
31930.8,100.0,5,205
31940.8,100.0,5,205
31950.9,100.0,5,205
31961.0,100.0,5,205
31971.1,100.0,5,205
31981.2,100.0,5,205
31991.3,100.0,5,205
32001.3,100.0,5,205
32011.4,100.0,5,205
32021.5,100.0,5,205
32031.5,100.0,5,205
32041.6,85.0,6,199
32051.7,85.0,6,199
32061.8,85.0,6,199
32071.9,85.0,6,199
32082.0,85.0,6,199
32092.1,85.0,6,199
32102.2,85.0,6,199
32112.2,85.0,6,199
32122.3,85.0,6,199
32132.4,85.0,6,199
32142.5,85.0,6,199
32152.5,85.0,6,199
32162.7,85.0,6,199
32172.7,85.0,6,199
32182.8,85.0,6,199
32192.9,85.0,6,199
32203.0,85.0,6,199
32213.1,85.0,6,199
32223.1,85.0,6,199
32233.2,85.0,6,199
32243.3,80.0,3,196
32253.5,80.0,3,196
32263.6,80.0,3,196
32273.6,80.0,3,196
32283.7,80.0,3,196
32293.8,80.0,3,196
32303.9,80.0,3,196
32313.9,80.0,3,196
32324.0,80.0,3,196
32334.1,80.0,3,196
32344.2,80.0,3,196
32354.3,80.0,3,196
32364.3,80.0,3,196
32374.4,80.0,3,196
32384.5,80.0,3,196
32394.6,80.0,3,196
32404.7,80.0,3,196
32414.7,80.0,3,196
32424.8,80.0,3,196
32434.9,80.0,3,196
32445.0,80.0,3,193
32455.1,80.0,3,193
32465.1,80.0,3,193
32475.2,80.0,3,193
32485.3,80.0,3,193
32495.4,80.0,3,193
32505.5,80.0,3,193
32515.5,80.0,3,193
32525.6,80.0,3,193
32535.7,80.0,3,193
32545.8,80.0,3,193
32555.9,80.0,3,193
32565.9,80.0,3,193
32576.0,80.0,3,193
32586.1,80.0,3,193
32596.2,80.0,3,193
32606.2,80.0,3,193
32616.3,80.0,3,193
32626.4,80.0,3,193
32636.5,80.0,3,193
32646.5,95.0,7,186
32656.6,95.0,7,186
32666.7,95.0,7,186
32676.8,95.0,7,186
32686.9,95.0,7,186
32696.9,95.0,7,186
32707.0,95.0,7,186
32717.1,95.0,7,186
32727.2,95.0,7,186
32737.3,95.0,7,186
32747.3,95.0,7,186
32757.4,95.0,7,186
32767.5,95.0,7,186
32777.6,95.0,7,186
32787.6,95.0,7,186
32799.6,95.0,7,186
32809.7,95.0,7,186
32819.8,95.0,7,186
32829.9,95.0,7,186
32839.9,95.0,7,186
32850.0,100.0,5,181
32860.1,100.0,5,181
32870.1,100.0,5,181
32880.2,100.0,5,181
32890.3,100.0,5,181
32900.4,100.0,5,181
32910.5,100.0,5,181
32920.5,100.0,5,181
32930.6,100.0,5,181
32940.7,100.0,5,181
32950.8,100.0,5,181
32960.8,100.0,5,181
32970.9,100.0,5,181
32981.0,100.0,5,181
32991.1,100.0,5,181
33001.2,100.0,5,181
33011.3,100.0,5,181
33021.4,100.0,5,181
33031.5,100.0,5,181
33041.5,75.0,5,176
33051.6,75.0,5,176
33061.7,75.0,5,176
33071.8,75.0,5,176
33081.9,75.0,5,176
33092.0,75.0,5,176
33102.1,75.0,5,176
33112.1,75.0,5,176
33122.2,75.0,5,176
33132.3,75.0,5,176
33142.4,75.0,5,176
33152.4,75.0,5,176
33163.6,75.0,5,176
33173.7,75.0,5,176
33183.8,75.0,5,176
33195.6,75.0,5,176
33205.7,75.0,5,176
33215.8,75.0,5,176
33225.9,75.0,5,176
33235.9,75.0,5,176
33246.0,80.0,3,173
33256.1,80.0,3,173
33266.2,80.0,3,173
33276.2,80.0,3,173
33286.3,80.0,3,173
33296.4,80.0,3,173
33306.5,80.0,3,173
33316.6,80.0,3,173
33326.6,80.0,3,173
33336.7,80.0,3,173
33346.8,80.0,3,173
33356.9,80.0,3,173
33367.0,80.0,3,173
33377.1,80.0,3,173
33387.2,80.0,3,173
33397.2,80.0,3,173
33407.3,80.0,3,173
33417.4,80.0,3,173
33429.0,80.0,3,173
33440.2,80.0,3,173
33450.6,90.0,4,169
33461.4,90.0,4,169
33471.5,90.0,4,169
33481.5,90.0,4,169
33491.7,90.0,4,169
33501.7,90.0,4,169
33511.8,90.0,4,169
33521.9,90.0,4,169
33532.0,90.0,4,169
33542.0,90.0,4,169
33552.1,90.0,4,169
33562.2,90.0,4,169
33572.3,90.0,4,169
33582.3,90.0,4,169
33592.4,90.0,4,169
33602.5,90.0,4,169
33612.6,90.0,4,169
33622.6,90.0,4,169
33632.7,90.0,4,169
33642.8,70.0,2,167
33652.9,70.0,2,167
33662.9,70.0,2,167
33673.0,70.0,2,167
33683.1,70.0,2,167
33693.2,70.0,2,167
33705.4,70.0,2,167
33715.5,70.0,2,167
33725.6,70.0,2,167
33735.7,70.0,2,167
33745.7,70.0,2,167
33755.8,70.0,2,167
33765.9,70.0,2,167
33776.0,70.0,2,167
33786.1,70.0,2,167
33796.1,70.0,2,167
33806.2,70.0,2,167
33816.3,70.0,2,167
33826.4,70.0,2,167
33836.5,70.0,2,167
33846.5,100.0,5,162
33856.6,100.0,5,162
33866.7,100.0,5,162
33876.8,100.0,5,162
33886.9,100.0,5,162
33896.9,100.0,5,162
33907.0,100.0,5,162
33917.1,100.0,5,162
33927.2,100.0,5,162
33937.2,100.0,5,162
33947.3,100.0,5,162
33957.4,100.0,5,162
33967.5,100.0,5,162
33977.6,100.0,5,162
33987.6,100.0,5,162
33997.7,100.0,5,162
34007.8,100.0,5,162
34017.9,100.0,5,162
34027.9,100.0,5,162
34038.0,100.0,5,162
34048.1,90.0,4,158
34058.2,90.0,4,158
34068.2,90.0,4,158
34078.3,90.0,4,158
34088.4,90.0,4,158
34098.5,90.0,4,158
34108.6,90.0,4,158
34118.6,90.0,4,158
34128.7,90.0,4,158
34138.8,90.0,4,158
34148.9,90.0,4,158
34159.0,90.0,4,158
34169.1,90.0,4,158
34179.2,90.0,4,158
34189.3,90.0,4,158
34199.3,90.0,4,158
34209.4,90.0,4,158
34219.5,90.0,4,158
34229.5,90.0,4,158
34239.7,90.0,4,158
34249.8,100.0,5,153
34259.8,100.0,5,153
34269.9,100.0,5,153
34280.0,100.0,5,153
34290.1,100.0,5,153
34300.2,100.0,5,153
34310.2,100.0,5,153
34320.3,100.0,5,153
34330.4,100.0,5,153
34340.5,100.0,5,153
34350.6,100.0,5,153
34360.7,100.0,5,153
34370.8,100.0,5,153
34380.9,100.0,5,153
34390.9,100.0,5,153
34401.0,100.0,5,153
34411.1,100.0,5,153
34421.2,100.0,5,153
34431.2,100.0,5,153
34441.3,100.0,5,153
34451.4,100.0,5,148
34461.5,100.0,5,148
34471.6,100.0,5,148
34481.7,100.0,5,148
34491.8,100.0,5,148
34501.8,100.0,5,148
34511.9,100.0,5,148
34522.0,100.0,5,148
34532.1,100.0,5,148
34542.2,100.0,5,148
34552.3,100.0,5,148
34562.6,100.0,5,148
34572.6,100.0,5,148
34582.7,100.0,5,148
34592.8,100.0,5,148
34602.8,100.0,5,148
34612.9,100.0,5,148
34623.0,100.0,5,148
34633.1,100.0,5,148
34643.2,75.0,5,143
34653.3,75.0,5,143
34663.4,75.0,5,143
34673.5,75.0,5,143
34683.6,75.0,5,143
34693.6,75.0,5,143
34703.7,75.0,5,143
34713.8,75.0,5,143
34723.8,75.0,5,143
34733.9,75.0,5,143
34744.0,75.0,5,143
34754.1,75.0,5,143
34764.2,75.0,5,143
34774.3,75.0,5,143
34784.4,75.0,5,143
34794.5,75.0,5,143
34804.6,75.0,5,143
34814.6,75.0,5,143
34824.7,75.0,5,143
34834.8,75.0,5,143
34844.9,75.0,5,138
34854.9,75.0,5,138
34865.0,75.0,5,138
34875.1,75.0,5,138
34885.2,75.0,5,138
34895.3,75.0,5,138
34905.4,75.0,5,138
34915.4,75.0,5,138
34925.5,75.0,5,138
34935.6,75.0,5,138
34945.7,75.0,5,138
34955.8,75.0,5,138
34965.9,75.0,5,138
34976.0,75.0,5,138
34986.1,75.0,5,138
34996.2,75.0,5,138
35006.3,75.0,5,138
35016.3,75.0,5,138
35026.4,75.0,5,138
35036.5,75.0,5,138
35046.6,95.0,7,131
35056.6,95.0,7,131
35066.7,95.0,7,131
35076.8,95.0,7,131
35086.9,95.0,7,131
35096.9,95.0,7,131
35107.0,95.0,7,131
35117.2,95.0,7,131
35127.3,95.0,7,131
35137.3,95.0,7,131
35147.4,95.0,7,131
35157.5,95.0,7,131
35167.6,95.0,7,131
35177.6,95.0,7,131
35187.7,95.0,7,131
35197.8,95.0,7,131
35207.9,95.0,7,131
35217.9,95.0,7,131
35228.1,95.0,7,131
35238.2,95.0,7,131
35248.2,100.0,5,126
35258.3,100.0,5,126
35268.4,100.0,5,126
35278.5,100.0,5,126
35288.6,100.0,5,126
35298.7,100.0,5,126
35308.7,100.0,5,126
35318.8,100.0,5,126
35328.9,100.0,5,126
35339.0,100.0,5,126
35349.1,100.0,5,126
35359.2,100.0,5,126
35369.3,100.0,5,126
35379.3,100.0,5,126
35389.4,100.0,5,126
35399.5,100.0,5,126
35409.6,100.0,5,126
35419.6,100.0,5,126
35429.7,100.0,5,126
35439.8,100.0,5,126
35449.9,80.0,3,123
35460.0,80.0,3,123
35470.1,80.0,3,123
35480.2,80.0,3,123
35491.5,80.0,3,123
35502.6,80.0,3,123
35513.7,80.0,3,123
35524.8,80.0,3,123
35534.9,80.0,3,123
35544.9,80.0,3,123
35555.0,80.0,3,123
35565.1,80.0,3,123
35575.2,80.0,3,123
35585.2,80.0,3,123
35595.3,80.0,3,123
35605.4,80.0,3,123
35615.5,80.0,3,123
35625.6,80.0,3,123
35635.6,80.0,3,123
35645.7,100.0,5,118
35655.8,100.0,5,118
35665.9,100.0,5,118
35676.0,100.0,5,118
35686.0,100.0,5,118
35696.1,100.0,5,118
35706.2,100.0,5,118
35716.3,100.0,5,118
35726.3,100.0,5,118
35736.4,100.0,5,118
35746.5,100.0,5,118
35756.6,100.0,5,118
35766.7,100.0,5,118
35776.8,100.0,5,118
35786.9,100.0,5,118
35797.0,100.0,5,118
35807.1,100.0,5,118
35817.1,100.0,5,118
35827.2,100.0,5,118
35837.3,100.0,5,118
35847.3,100.0,5,113
35857.4,100.0,5,113
35867.5,100.0,5,113
35877.6,100.0,5,113
35887.7,100.0,5,113
35897.8,100.0,5,113
35907.9,100.0,5,113
35918.0,100.0,5,113
35928.1,100.0,5,113
35938.2,100.0,5,113
35948.3,100.0,5,113
35958.4,100.0,5,113
35968.5,100.0,5,113
35978.6,100.0,5,113
35988.7,100.0,5,113
35998.7,100.0,5,113
36008.8,100.0,5,113
36018.9,100.0,5,113
36029.0,100.0,5,113
36039.1,100.0,5,113
36049.2,75.0,5,108
36059.3,75.0,5,108
36069.4,75.0,5,108
36079.5,75.0,5,108
36089.5,75.0,5,108
36099.6,75.0,5,108
36109.7,75.0,5,108
36119.8,75.0,5,108
36129.9,75.0,5,108
36140.0,75.0,5,108
36150.1,75.0,5,108
36160.1,75.0,5,108
36170.2,75.0,5,108
36180.3,75.0,5,108
36190.4,75.0,5,108
36200.5,75.0,5,108
36210.6,75.0,5,108
36220.6,75.0,5,108
36230.7,75.0,5,108
36240.8,75.0,5,108
36250.9,95.0,7,101
36261.0,95.0,7,101
36271.1,95.0,7,101
36281.2,95.0,7,101
36291.2,95.0,7,101
36301.3,95.0,7,101
36311.4,95.0,7,101
36321.5,95.0,7,101
36331.6,95.0,7,101
36341.7,95.0,7,101
36351.8,95.0,7,101
36361.9,95.0,7,101
36372.0,95.0,7,101
36382.0,95.0,7,101
36392.1,95.0,7,101
36402.2,95.0,7,101
36412.3,95.0,7,101
36422.4,95.0,7,101
36432.4,95.0,7,101
36442.6,95.0,7,101
36452.6,95.0,7,94
36462.7,95.0,7,94
36472.8,95.0,7,94
36482.9,95.0,7,94
36493.0,95.0,7,94
36503.1,95.0,7,94
36513.1,95.0,7,94
36523.2,95.0,7,94
36533.3,95.0,7,94
36543.4,95.0,7,94
36553.4,95.0,7,94
36563.5,95.0,7,94
36573.6,95.0,7,94
36583.6,95.0,7,94
36593.7,95.0,7,94
36603.8,95.0,7,94
36613.9,95.0,7,94
36623.9,95.0,7,94
36634.0,95.0,7,94
36644.1,100.0,5,89
36654.2,100.0,5,89
36664.3,100.0,5,89
36674.4,100.0,5,89
36684.5,100.0,5,89
36694.6,100.0,5,89
36704.6,100.0,5,89
36714.7,100.0,5,89
36724.8,100.0,5,89
36734.8,100.0,5,89
36744.9,100.0,5,89
36755.0,100.0,5,89
36765.1,100.0,5,89
36775.2,100.0,5,89
36785.3,100.0,5,89
36795.3,100.0,5,89
36805.4,100.0,5,89
36815.5,100.0,5,89
36825.6,100.0,5,89
36835.6,100.0,5,89
36846.3,75.0,5,84
36856.4,75.0,5,84
36866.4,75.0,5,84
36876.5,75.0,5,84
36886.6,75.0,5,84
36896.6,75.0,5,84
36906.7,75.0,5,84
36916.8,75.0,5,84
36926.9,75.0,5,84
36937.0,75.0,5,84
36947.0,75.0,5,84
36957.1,75.0,5,84
36967.2,75.0,5,84
36977.2,75.0,5,84
36987.3,75.0,5,84
36997.4,75.0,5,84
37007.4,75.0,5,84
37017.5,75.0,5,84
37027.6,75.0,5,84
37037.6,75.0,5,84
37047.7,80.0,3,81
37057.8,80.0,3,81
37067.9,80.0,3,81
37077.9,80.0,3,81
37088.0,80.0,3,81
37098.1,80.0,3,81
37108.1,80.0,3,81
37118.2,80.0,3,81
37128.3,80.0,3,81
37138.3,80.0,3,81
37148.4,80.0,3,81
37158.5,80.0,3,81
37168.6,80.0,3,81
37178.7,80.0,3,81
37188.7,80.0,3,81
37198.8,80.0,3,81
37208.9,80.0,3,81
37218.9,80.0,3,81
37229.0,80.0,3,81
37239.1,80.0,3,81
37249.2,75.0,5,76
37259.2,75.0,5,76
37269.3,75.0,5,76
37279.4,75.0,5,76
37289.4,75.0,5,76
37299.5,75.0,5,76
37309.6,75.0,5,76
37319.6,75.0,5,76
37329.7,75.0,5,76
37339.8,75.0,5,76
37349.9,75.0,5,76
37359.9,75.0,5,76
37370.0,75.0,5,76
37380.1,75.0,5,76
37390.2,75.0,5,76
37400.2,75.0,5,76
37410.3,75.0,5,76
37420.4,75.0,5,76
37430.5,75.0,5,76
37440.5,75.0,5,76
37450.6,100.0,5,71
37460.7,100.0,5,71
37470.7,100.0,5,71
37480.8,100.0,5,71
37490.9,100.0,5,71
37501.0,100.0,5,71
37511.0,100.0,5,71
37521.1,100.0,5,71
37531.2,100.0,5,71
37541.3,100.0,5,71
37551.8,100.0,5,71
37563.7,100.0,5,71
37573.7,100.0,5,71
37586.0,100.0,5,71
37596.0,100.0,5,71
37606.1,100.0,5,71
37616.2,100.0,5,71
37626.3,100.0,5,71
37636.3,100.0,5,71
37646.4,100.0,5,66
37656.5,100.0,5,66
37666.5,100.0,5,66
37676.7,100.0,5,66
37686.7,100.0,5,66
37696.8,100.0,5,66
37706.9,100.0,5,66
37717.0,100.0,5,66
37727.0,100.0,5,66
37737.1,100.0,5,66
37747.2,100.0,5,66
37757.3,100.0,5,66
37767.4,100.0,5,66
37777.5,100.0,5,66
37787.6,100.0,5,66
37797.7,100.0,5,66
37807.7,100.0,5,66
37817.8,100.0,5,66
37827.9,100.0,5,66
37837.9,100.0,5,66
37848.0,100.0,5,61
37858.1,100.0,5,61
37868.2,100.0,5,61
37878.2,100.0,5,61
37888.3,100.0,5,61
37898.4,100.0,5,61
37908.5,100.0,5,61
37918.6,100.0,5,61
37928.7,100.0,5,61
37938.8,100.0,5,61
37948.9,100.0,5,61
37959.0,100.0,5,61
37969.1,100.0,5,61
37979.2,100.0,5,61
37989.2,100.0,5,61
37999.3,100.0,5,61
38009.4,100.0,5,61
38019.5,100.0,5,61
38029.6,100.0,5,61
38039.7,100.0,5,61
38049.8,100.0,5,56
38059.9,100.0,5,56
38070.0,100.0,5,56
38080.1,100.0,5,56
38090.1,100.0,5,56
38100.2,100.0,5,56
38110.3,100.0,5,56
38120.4,100.0,5,56
38130.4,100.0,5,56
38140.5,100.0,5,56
38150.6,100.0,5,56
38160.7,100.0,5,56
38170.8,100.0,5,56
38183.3,100.0,5,56
38193.4,100.0,5,56
38203.5,100.0,5,56
38213.5,100.0,5,56
38225.6,100.0,5,56
38235.7,100.0,5,56
38245.8,75.0,5,51
38255.8,75.0,5,51
38266.0,75.0,5,51
38276.1,75.0,5,51
38286.2,75.0,5,51
38296.3,75.0,5,51
38306.3,75.0,5,51
38316.4,75.0,5,51
38326.5,75.0,5,51
38336.6,75.0,5,51
38346.7,75.0,5,51
38356.7,75.0,5,51
38366.8,75.0,5,51
38376.9,75.0,5,51
38387.0,75.0,5,51
38397.1,75.0,5,51
38407.2,75.0,5,51
38417.2,75.0,5,51
38427.3,75.0,5,51
38437.4,75.0,5,51
38447.5,80.0,3,48
38457.6,80.0,3,48
38467.7,80.0,3,48
38477.8,80.0,3,48
38487.9,80.0,3,48
38497.9,80.0,3,48
38508.0,80.0,3,48
38518.1,80.0,3,48
38528.2,80.0,3,48
38538.2,80.0,3,48
38548.3,80.0,3,48
38558.4,80.0,3,48
38569.3,80.0,3,48
38579.3,80.0,3,48
38589.4,80.0,3,48
38599.5,80.0,3,48
38609.6,80.0,3,48
38619.6,80.0,3,48
38629.7,80.0,3,48
38639.8,80.0,3,48
38649.9,100.0,5,43
38660.0,100.0,5,43
38670.1,100.0,5,43
38680.1,100.0,5,43
38690.2,100.0,5,43
38700.3,100.0,5,43
38710.4,100.0,5,43
38720.5,100.0,5,43
38730.5,100.0,5,43
38740.6,100.0,5,43
38750.7,100.0,5,43
38760.8,100.0,5,43
38770.8,100.0,5,43
38780.9,100.0,5,43
38791.0,100.0,5,43
38801.1,100.0,5,43
38811.2,100.0,5,43
38821.2,100.0,5,43
38831.3,100.0,5,43
38841.4,100.0,5,43
38851.5,100.0,5,38
38861.5,100.0,5,38
38871.6,100.0,5,38
38881.7,100.0,5,38
38891.8,100.0,5,38
38901.8,100.0,5,38
38911.9,100.0,5,38
38922.0,100.0,5,38
38932.1,100.0,5,38
38942.2,100.0,5,38
38952.3,100.0,5,38
38962.4,100.0,5,38
38972.4,100.0,5,38
38982.5,100.0,5,38
38992.6,100.0,5,38
39002.7,100.0,5,38
39012.7,100.0,5,38
39022.8,100.0,5,38
39032.9,100.0,5,38
39043.0,100.0,5,38
39053.1,75.0,5,33
39063.2,75.0,5,33
39073.3,75.0,5,33
39083.4,75.0,5,33
39093.4,75.0,5,33
39103.5,75.0,5,33
39113.6,75.0,5,33
39123.7,75.0,5,33
39133.8,75.0,5,33
39143.9,75.0,5,33
39154.0,75.0,5,33
39164.1,75.0,5,33
39174.2,75.0,5,33
39184.2,75.0,5,33
39194.3,75.0,5,33
39204.4,75.0,5,33
39214.5,75.0,5,33
39224.5,75.0,5,33
39234.6,75.0,5,33
39244.7,75.0,5,33
39254.8,80.0,3,30
39264.9,80.0,3,30
39275.0,80.0,3,30
39285.1,80.0,3,30
39295.2,80.0,3,30
39305.3,80.0,3,30
39315.3,80.0,3,30
39325.4,80.0,3,30
39335.5,80.0,3,30
39345.6,80.0,3,30
39355.7,80.0,3,30
39365.8,80.0,3,30
39375.9,80.0,3,30
39386.0,80.0,3,30
39396.0,80.0,3,30
39406.1,80.0,3,30
39416.2,80.0,3,30
39426.3,80.0,3,30
39436.3,80.0,3,30
39446.4,80.0,3,27
39456.5,80.0,3,27
39466.6,80.0,3,27
39476.7,80.0,3,27
39486.7,80.0,3,27
39496.8,80.0,3,27
39506.9,80.0,3,27
39517.0,80.0,3,27
39527.0,80.0,3,27
39537.2,80.0,3,27
39547.8,80.0,3,27
39557.9,80.0,3,27
39567.9,80.0,3,27
39578.0,80.0,3,27
39588.1,80.0,3,27
39598.6,80.0,3,27
39608.8,80.0,3,27
39619.6,80.0,3,27
39633.9,80.0,3,27
39644.0,80.0,3,27
39654.1,100.0,5,22
39664.2,100.0,5,22
39675.4,100.0,5,22
39686.1,100.0,5,22
39697.1,100.0,5,22
39707.2,100.0,5,22
39717.2,100.0,5,22
39727.3,100.0,5,22
39737.4,100.0,5,22
39747.4,100.0,5,22
39757.5,100.0,5,22
39767.6,100.0,5,22
39777.7,100.0,5,22
39787.8,100.0,5,22
39797.9,100.0,5,22
39807.9,100.0,5,22
39818.0,100.0,5,22
39828.1,100.0,5,22
39838.2,100.0,5,22
39848.2,75.0,5,17
39858.3,75.0,5,17
39868.4,75.0,5,17
39878.5,75.0,5,17
39888.6,75.0,5,17
39898.7,75.0,5,17
39908.8,75.0,5,17
39918.8,75.0,5,17
39928.9,75.0,5,17
39939.0,75.0,5,17
39949.1,75.0,5,17
39959.2,75.0,5,17
39969.3,75.0,5,17
39979.4,75.0,5,17
39989.5,75.0,5,17
39999.6,75.0,5,17
40009.7,75.0,5,17
40019.7,75.0,5,17
40029.8,75.0,5,17
40039.9,75.0,5,17
40050.0,100.0,5,12
40060.1,100.0,5,12
40070.2,100.0,5,12
40080.3,100.0,5,12
40090.4,100.0,5,12
40100.5,100.0,5,12
40110.5,100.0,5,12
40120.6,100.0,5,12
40130.7,100.0,5,12
40140.8,100.0,5,12
40150.9,100.0,5,12
40161.0,100.0,5,12
40171.1,100.0,5,12
40181.2,100.0,5,12
40191.3,100.0,5,12
40201.3,100.0,5,12
40211.4,100.0,5,12
40221.5,100.0,5,12
40231.6,100.0,5,12
40241.7,100.0,5,12
40251.8,80.0,8,4
40261.9,80.0,8,4
40272.0,80.0,8,4
40282.1,80.0,8,4
40292.1,80.0,8,4
40302.2,80.0,8,4
40312.3,80.0,8,4
40322.4,80.0,8,4
40332.5,80.0,8,4
40342.5,80.0,8,4
40352.6,80.0,8,4
40362.7,80.0,8,4
40372.8,80.0,8,4
40382.9,80.0,8,4
40393.0,80.0,8,4
40403.1,80.0,8,4
40413.1,80.0,8,4
40423.2,80.0,8,4
40433.3,80.0,8,4
40443.4,80.0,8,4
40453.5,90.0,4,0
40463.6,90.0,4,0
40473.7,90.0,4,0
40483.8,90.0,4,0
40493.8,90.0,4,0
40503.9,90.0,4,0
40514.0,90.0,4,0
40524.1,90.0,4,0
40534.2,90.0,4,0
40544.3,90.0,4,0
40554.3,90.0,4,0
40564.4,90.0,4,0
40574.5,90.0,4,0
40584.6,90.0,4,0
40594.6,90.0,4,0
40604.7,90.0,4,0
40614.8,90.0,4,0
40624.9,90.0,4,0
40634.9,90.0,4,0
40645.0,90.0,4,0
40655.1,0.0,0,0
